timestamp,region,node,node_type,cpu_usage,load1,load5,memory_available_ratio,swap_used_ratio,disk_read_rate,disk_write_rate,disk_io_util,filesystem_used_ratio,inode_used_ratio,open_fd_ratio,process_count
2026-07-28 17:28:00,ccf-aiops-北大,br-1,br,0.7833333334161097,0.06,0.01,0.8380998421594441,0,0,4824.177777777777,0.7422222222238715,0.7187215711468768,0.011585570562905101,0.006413114819806504,190
2026-07-28 17:28:00,ccf-aiops-北大,br-2,br,0.6722222216841232,0,0.01,0.8462390988640692,0,0,4960.711111111111,1.8266666666669251,0.7188956738133194,0.011585613915586435,0.006413179083015597,189
2026-07-28 17:28:00,ccf-aiops-北大,cr-1,cr,0.6444444450446412,0.08,0.03,0.8345304029397894,0,0,3390.5777777777776,0.27111111111177405,0.7188791917472387,0.011586047442399883,0.0067335681398017,197
2026-07-28 17:28:00,ccf-aiops-北大,cr-2,cr,0.5222222224498836,0,0,0.8472902204299989,0,0,4232.533333333334,0.10444444444349048,0.7188771098020494,0.011585267094135654,0.006292679749695637,190
2026-07-28 17:28:00,ccf-aiops-北大,fw,firewall,0.6000000000413905,0.01,0.01,0.8570906520093998,0.0014772429249219178,0,32039.82222222222,0.4800000000007761,0.19248481344527013,0.01854986074019449,1.3530843112619095e-16,107
2026-07-28 17:28:00,ccf-aiops-北大,monitor-vm,collector,6.733333333363078,0.65,0.93,0.8589174647732276,0.06064325393987078,56251.73333333333,962104.8888888888,24.471111111116542,0.35982194533138523,0.02351846500318877,1.7694179454963432e-16,152
2026-07-28 17:28:00,ccf-aiops-北大,probe-vm,probe,0.9555555556693918,0,0.03,0.9290192046659701,0,0,48969.95555555555,2.0266666666672486,0.1935126410753647,0.018537248883928603,1.0755285551056204e-16,120
2026-07-28 17:28:00,ccf-aiops-北大,service-vm-1,service,6.583333333320397,0.3,0.23,0.9383959646513841,0.011723529552011063,0,475864.1777777777,10.791111111110594,0.16215970344641317,0.01278873365752553,1.5612511283791264e-16,123
2026-07-28 17:28:00,ccf-aiops-北大,service-vm-2,service,0.27222222221705294,0,0.01,0.9291655854878279,0,0,67356.44444444444,0.4977777777781334,0.18869670653513682,0.018537248883928603,1.0755285551056204e-16,120
2026-07-28 17:28:00,ccf-aiops-北大,service-vm-3,service,3.772222222242931,0.08,0.02,0.926121648226033,0,0,67902.57777777777,11.066666666665697,0.19350260369616457,0.018535380460778073,1.2836953722228372e-16,131
2026-07-28 17:28:00,ccf-aiops-北大,traffic-vm,traffic,2.1666666666472594,0.11,0.26,0.9227749115645724,0.009612092601864436,0,112139.37777777777,5.644444444446385,0.18871276634185707,0.018561538384885168,1.5959455978986625e-16,126
2026-07-28 17:29:00,ccf-aiops-北大,br-1,br,0.7111111107385852,0.02,0.01,0.836651040303795,0,0,3618.133333333333,0.20000000000032336,0.7187215711468768,0.011585570562905101,0.006413114819806504,189
2026-07-28 17:29:00,ccf-aiops-北大,br-2,br,0.7111111112559882,0,0,0.8466904947170423,0,0,728.1777777777777,0.1422222222208802,0.7188956738133194,0.011585613915586435,0.006493343821553292,190
2026-07-28 17:29:00,ccf-aiops-北大,cr-1,cr,0.6666666667701406,0.03,0.02,0.8356657916354772,0,0,12174.22222222222,0.48666666666677977,0.7188816206832926,0.011586047442399883,0.0067335681398017,197
2026-07-28 17:29:00,ccf-aiops-北大,cr-2,cr,0.5166666659837063,0.04,0.01,0.8476194043053111,0,0,5802.666666666667,0.10000000000016168,0.7188873460325629,0.011585267094135654,0.006332760512432552,190
2026-07-28 17:29:00,ccf-aiops-北大,fw,firewall,0.32222222122881305,0,0,0.857118532680129,0.0014772429249219178,0,0,0,0.19248481344527013,0.01854986074019449,1.3530843112619095e-16,107
2026-07-28 17:29:00,ccf-aiops-北大,monitor-vm,collector,5.255555555567199,0.67,0.92,0.8592108573944769,0.06064325393987078,0,756576.7111111111,16.302222222228817,0.3599372222246531,0.023519710618622458,1.734723475976807e-16,152
2026-07-28 17:29:00,ccf-aiops-北大,probe-vm,probe,0.4999999998835989,0,0.02,0.9301809793308295,0,0,9466.31111111111,0.3111111111098176,0.1935126410753647,0.018537248883928603,1.0755285551056204e-16,120
2026-07-28 17:29:00,ccf-aiops-北大,service-vm-1,service,6.85555555553745,0.22,0.22,0.9394093230942522,0.011723529552011063,0,441821.86666666664,12.657777777777582,0.16240573090840815,0.01278873365752553,1.5959455978986625e-16,125
2026-07-28 17:29:00,ccf-aiops-北大,service-vm-2,service,0.24999999997415046,0,0,0.9290034086620117,0,0,37683.2,0.32000000000051737,0.18869670653513682,0.018537248883928603,1.0755285551056204e-16,120
2026-07-28 17:29:00,ccf-aiops-北大,service-vm-3,service,0.3055555554520737,0.03,0.01,0.9296335102205701,0,0,72999.82222222221,0.5066666666688332,0.19350260369616457,0.018535224758848834,1.0755285551056204e-16,121
2026-07-28 17:29:00,ccf-aiops-北大,traffic-vm,traffic,2.13888888884361,0.04,0.21,0.9215232025665194,0.009612092601864436,0,102126.93333333333,6.453333333338378,0.18871276634185707,0.018561538384885168,1.5959455978986625e-16,127
2026-07-28 17:30:00,ccf-aiops-北大,br-1,br,0.6888888884956685,0,0,0.8372714625950407,0,0,1547.3777777777775,0.10222222222283663,0.7187259952804037,0.011585570562905101,0.006493278755054086,189
2026-07-28 17:30:00,ccf-aiops-北大,br-2,br,0.7388888884128875,0.04,0.02,0.8469753274714292,0,0,4983.466666666666,0.18000000000029104,0.7188956738133194,0.011585613915586435,0.006413179083015597,190
2026-07-28 17:30:00,ccf-aiops-北大,cr-1,cr,0.6388888885784638,0.01,0.02,0.8352479055183143,0,0,5893.688888888889,0.17777777777761608,0.7188811869447116,0.011586047442399883,0.0067335681398017,197
2026-07-28 17:30:00,ccf-aiops-北大,cr-2,cr,0.5499999996067828,0.01,0.01,0.8481925193457126,0,0,7714.133333333333,0.11111111110949425,0.7188873460325629,0.011585267094135654,0.006292679749695637,190
2026-07-28 17:30:00,ccf-aiops-北大,fw,firewall,1.699999999254942,0,0,0.8572937826104273,0.0014772429249219178,0,24758.04444444444,2.026666666691502,0.19248481344527013,0.01854986074019449,1.3530843112619095e-16,107
2026-07-28 17:30:00,ccf-aiops-北大,monitor-vm,collector,3.655555555564618,0.74,0.93,0.8592654077813424,0.06064325393987078,16748.088888888888,543584.7111111111,12.097777777768593,0.35996598178084105,0.023520956234056145,1.7694179454963432e-16,150
2026-07-28 17:30:00,ccf-aiops-北大,probe-vm,probe,0.16111111126116384,0,0.01,0.9301814707752732,0,0,4187.022222222222,0.008888888890699794,0.1935126410753647,0.018537248883928603,1.0755285551056204e-16,119
2026-07-28 17:30:00,ccf-aiops-北大,service-vm-1,service,6.077777777779076,0.39,0.26,0.939478616760811,0.011723529552011063,0,358081.4222222222,21.244444444447357,0.16240700380716067,0.01278873365752553,1.5959455978986625e-16,125
2026-07-28 17:30:00,ccf-aiops-北大,service-vm-2,service,2.288888888886305,0,0,0.9302069572875385,0,0,11286.755555555554,0.4444444444460613,0.18869670653513682,0.018537248883928603,1.0061396160665481e-16,122
2026-07-28 17:30:00,ccf-aiops-北大,service-vm-3,service,0.33888888894580305,0.01,0,0.9295637251095675,0,0,73545.95555555556,0.5066666666688332,0.19350260369616457,0.018535224758848834,1.0755285551056204e-16,120
2026-07-28 17:30:00,ccf-aiops-北大,traffic-vm,traffic,1.9055555555516719,0.18,0.22,0.921863282121546,0.009612092601864436,0,120331.37777777777,6.417777777783663,0.18871276634185707,0.018561538384885168,1.5959455978986625e-16,129
2026-07-28 17:31:00,ccf-aiops-北大,br-1,br,0.7611111111732072,0,0,0.8363292485991219,0,0,3527.111111111111,0.2488888888890667,0.718714804825012,0.011585570562905101,0.006453196787430295,189
2026-07-28 17:31:00,ccf-aiops-北大,br-2,br,0.5555555545207653,0.01,0.01,0.8477711836969222,0,0,3845.6888888888884,0.1377777777775514,0.7188956738133194,0.011585613915586435,0.006493343821553292,190
2026-07-28 17:31:00,ccf-aiops-北大,cr-1,cr,0.6499999999586237,0,0.01,0.8357732199061629,0,0,318.5777777777777,0.14888888888890506,0.7188811869447116,0.011586047442399883,0.0067335681398017,197
2026-07-28 17:31:00,ccf-aiops-北大,cr-2,cr,0.5111111110697237,0,0,0.84746565375277,0,0,4232.533333333334,0.12666666666619777,0.7188758953340225,0.011585267094135654,0.006372841275169467,189
2026-07-28 17:31:00,ccf-aiops-北大,fw,firewall,0.488888888309404,0,0,0.8576791333094356,0.0014772429249219178,0,21845.333333333332,0.17777777778165826,0.19248481344527013,0.01854986074019449,1.3530843112619095e-16,107
2026-07-28 17:31:00,ccf-aiops-北大,monitor-vm,collector,4.905555555564618,0.66,0.91,0.858597042681009,0.06064325393987078,16748.088888888888,659911.1111111111,16.657777777792134,0.3600750930707768,0.02352235755141896,1.734723475976807e-16,152
2026-07-28 17:31:00,ccf-aiops-北大,probe-vm,probe,1.005555555521937,0,0.01,0.9291720438879546,0,0,51154.48888888888,2.0088888888898913,0.1935126410753647,0.018537248883928603,1.0755285551056204e-16,119
2026-07-28 17:31:00,ccf-aiops-北大,service-vm-1,service,3.427777777768725,0.41,0.27,0.9390775980947682,0.011723529552011063,0,315118.93333333335,7.173333333339542,0.16240819714974097,0.01278873365752553,1.5959455978986625e-16,126
2026-07-28 17:31:00,ccf-aiops-北大,service-vm-2,service,0.433333333284196,0,0,0.9272484588287098,0,0,68630.75555555554,0.3466666666685746,0.18869670653513682,0.018537248883928603,1.1796119636642288e-16,129
2026-07-28 17:31:00,ccf-aiops-北大,service-vm-3,service,0.47222222233862965,0,0,0.9288894633328386,0,0,72271.64444444444,0.5600000000009054,0.19350260369616457,0.018535224758848834,1.214306433183765e-16,122
2026-07-28 17:31:00,ccf-aiops-北大,traffic-vm,traffic,2.9166666666666714,0.06,0.18,0.9218259323438264,0.009612092601864436,0,162929.77777777778,9.573333333335338,0.18871276634185707,0.018561538384885168,1.6306400674181987e-16,129
2026-07-28 17:32:00,ccf-aiops-北大,br-1,br,0.7277777780675194,0.08,0.02,0.8367170741298688,0,0,9921.422222222222,0.22666666666635943,0.7187169735179174,0.011585570562905101,0.006453196787430295,189
2026-07-28 17:32:00,ccf-aiops-北大,br-2,br,0.7111111107385852,0,0,0.8464174889282354,0,0,409.6,0.15111111111158002,0.71889749551536,0.011585613915586435,0.006413179083015597,190
2026-07-28 17:32:00,ccf-aiops-北大,cr-1,cr,0.683333333064283,0,0.01,0.8356958518396599,0,0,364.08888888888885,0.21777777777768076,0.7188811869447116,0.011586047442399883,0.006773648902538615,197
2026-07-28 17:32:00,ccf-aiops-北大,cr-2,cr,0.5055555551209352,0,0,0.8467451944328502,0,0,6348.8,0.18000000000029104,0.7188758953340225,0.011585267094135654,0.006372841275169467,189
2026-07-28 17:32:00,ccf-aiops-北大,fw,firewall,0.8666666659216133,0,0,0.8569572230851954,0.0014772429249219178,0,24940.088888888888,0.337777777781917,0.19248481344527013,0.01854986074019449,1.3530843112619095e-16,107
2026-07-28 17:32:00,ccf-aiops-北大,monitor-vm,collector,7.322222222218343,0.76,0.93,0.8581798059382273,0.06064325393987078,196608,889651.2,21.288888888892767,0.36014900075459033,0.023523603166852647,1.8041124150158794e-16,152
2026-07-28 17:32:00,ccf-aiops-北大,probe-vm,probe,0.42777777772344905,0,0,0.928901257999487,0,0,546.1333333333333,0.01777777777735739,0.1935126410753647,0.018537248883928603,1.1449174941446927e-16,119
2026-07-28 17:32:00,ccf-aiops-北大,service-vm-1,service,4.427777777794603,0.4,0.31,0.9398722637601987,0.011723529552011063,0,348797.15555555554,15.057777777781464,0.16240954960466547,0.01278873365752553,1.5959455978986625e-16,126
2026-07-28 17:32:00,ccf-aiops-北大,service-vm-2,service,0.21111111111370917,0,0,0.931136279643958,0,0,66446.22222222222,0.21333333333233084,0.18869670653513682,0.018537248883928603,1.0755285551056204e-16,120
2026-07-28 17:32:00,ccf-aiops-北大,service-vm-3,service,0.28888888902859833,0,0,0.9299549148867368,0,0,66446.22222222222,0.4266666666646617,0.19350260369616457,0.018535224758848834,1.0408340855860843e-16,120
2026-07-28 17:32:00,ccf-aiops-北大,traffic-vm,traffic,1.8166666666770084,0.02,0.14,0.9217276434550903,0.009612092601864436,0,88291.55555555555,4.159999999998642,0.18871276634185707,0.018561538384885168,1.5959455978986625e-16,130
2026-07-28 17:33:00,ccf-aiops-北大,br-1,br,0.6833333330642972,0.03,0.01,0.8362528661883649,0,0,4096,0.20000000000032336,0.7187169735179174,0.011585570562905101,0.006453196787430295,189
2026-07-28 17:33:00,ccf-aiops-北大,br-2,br,0.7277777780675194,0,0,0.8465239316184562,0,0,3049.244444444445,0.12444444444554392,0.7188970617767789,0.011585613915586435,0.006493343821553292,190
2026-07-28 17:33:00,ccf-aiops-北大,cr-1,cr,0.6000000000413905,0,0,0.8354839520396834,0,0,4369.066666666667,0.21555555555500583,0.7188811869447116,0.011586047442399883,0.006693487377064785,197
2026-07-28 17:33:00,ccf-aiops-北大,cr-2,cr,0.5388888887440118,0,0,0.8474331295974249,0,0,10695.111111111111,0.2066666666663271,0.7188785845132252,0.011585267094135654,0.006332760512432552,189
2026-07-28 17:33:00,ccf-aiops-北大,fw,firewall,1.5000000006209007,0,0,0.8571812641892699,0.0014772429249219178,0,22937.6,1.5644444444397876,0.19248481344527013,0.01854986074019449,1.3877787807814457e-16,108
2026-07-28 17:33:00,ccf-aiops-北大,monitor-vm,collector,6.955555555565908,0.75,0.93,0.8588152442284708,0.06064325393987078,48787.911111111105,954823.1111111111,23.74222222222468,0.3602269260250912,0.023524848782286334,1.7694179454963432e-16,152
2026-07-28 17:33:00,ccf-aiops-北大,probe-vm,probe,1.4277777778140006,0.03,0.01,0.9294167832209073,0,0,83922.48888888888,4.604444444444702,0.1935126410753647,0.018537248883928603,1.0755285551056204e-16,118
2026-07-28 17:33:00,ccf-aiops-北大,service-vm-1,service,6.500000000006466,0.22,0.28,0.9399341857601023,0.011723529552011063,0,401954.13333333336,9.964444444445284,0.1624107429472459,0.01278873365752553,1.5959455978986625e-16,126
2026-07-28 17:33:00,ccf-aiops-北大,service-vm-2,service,0.1500000000103512,0,0,0.9311087587280619,0,0,0,0,0.18869670653513682,0.018537248883928603,1.0755285551056204e-16,119
2026-07-28 17:33:00,ccf-aiops-北大,service-vm-3,service,0.505555555508991,0,0,0.9291597577768625,0,0,182.04444444444442,0.008888888890699794,0.19350260369616457,0.018535224758848834,1.1449174941446927e-16,120
2026-07-28 17:33:00,ccf-aiops-北大,traffic-vm,traffic,1.9999999999223803,0.01,0.11,0.9217340322328582,0.009612092601864436,0,141084.44444444444,7.208888888886173,0.18871276634185707,0.018561538384885168,1.5959455978986625e-16,130
2026-07-28 17:34:00,ccf-aiops-北大,br-1,br,0.5499999996067828,0.01,0,0.8386724638452483,0,0,386.8444444444444,2.553333333332072,0.7187220048854579,0.011585570562905101,0.006493278755054086,189
2026-07-28 17:34:00,ccf-aiops-北大,br-2,br,0.7055555547898109,0.04,0.01,0.8467082351654124,0,0,3117.511111111111,0.17111111110959124,0.7188970617767789,0.011585613915586435,0.006413179083015597,189
2026-07-28 17:34:00,ccf-aiops-北大,cr-1,cr,0.6166666663355329,0.13,0.03,0.8360900840256625,0,0,364.08888888888885,0.16888888888893738,0.7188795387381035,0.011586047442399883,0.0067335681398017,197
2026-07-28 17:34:00,ccf-aiops-北大,cr-2,cr,0.42777777752941404,0,0,0.8474838869913727,0,0,4232.533333333334,0.10000000000016168,0.7188781507746441,0.011585267094135654,0.006332760512432552,190
2026-07-28 17:34:00,ccf-aiops-北大,fw,firewall,0.7666666671219815,0,0,0.8570667542916318,0.0014772429249219178,0,3458.8444444444444,0.1511111111095589,0.19248481344527013,0.01854986074019449,1.3530843112619095e-16,108
2026-07-28 17:34:00,ccf-aiops-北大,monitor-vm,collector,7.688888888935466,0.56,0.86,0.8583051243945399,0.06064325393987078,182.04444444444442,931339.3777777777,26.85333333333902,0.36034156646898285,0.02352609439772002,1.7694179454963432e-16,152
2026-07-28 17:34:00,ccf-aiops-北大,probe-vm,probe,0.16111111113180243,0.01,0.01,0.9296104123317172,0,0,1456.3555555555554,0.008888888890699794,0.1935126410753647,0.018537248883928603,1.0755285551056204e-16,118
2026-07-28 17:34:00,ccf-aiops-北大,service-vm-1,service,1.9500000000051756,0.15,0.24,0.9396319474272392,0.011723529552011063,0,259231.28888888887,3.5377777777790063,0.16249336203189646,0.01278873365752553,1.5959455978986625e-16,124
2026-07-28 17:34:00,ccf-aiops-北大,service-vm-2,service,0.8111111111550997,0.05,0.01,0.9305809468767692,0,0,104675.55555555555,2.0355555555579485,0.18869670653513682,0.018537248883928603,1.0755285551056204e-16,118
2026-07-28 17:34:00,ccf-aiops-北大,service-vm-3,service,0.23333333322726446,0,0,0.929320460109946,0,0,36226.84444444444,0.20444444444567325,0.19350260369616457,0.018535224758848834,1.0755285551056204e-16,116
2026-07-28 17:34:00,ccf-aiops-北大,traffic-vm,traffic,0.9833333333113501,0,0.09,0.921459314788841,0.009612092601864436,0,55523.55555555555,2.8533333333325572,0.18871276634185707,0.018561538384885168,1.5959455978986625e-16,131
2026-07-28 17:35:00,ccf-aiops-北大,br-1,br,0.7277777770327276,0,0,0.8381855875753906,0,0,5506.844444444444,0.7844444444445899,0.718721657894593,0.011585570562905101,0.006413114819806504,189
2026-07-28 17:35:00,ccf-aiops-北大,br-2,br,0.7111111107385852,0.01,0.01,0.8467629348812203,0,0,6326.044444444444,0.2800000000004527,0.71889749551536,0.011585613915586435,0.006493343821553292,189
2026-07-28 17:35:00,ccf-aiops-北大,cr-1,cr,0.6944444449618459,0.12,0.04,0.8363315512395892,0,0,10990.933333333332,0.32000000000051737,0.7188856978259548,0.011586047442399883,0.0067335681398017,197
2026-07-28 17:35:00,ccf-aiops-北大,cr-2,cr,0.6277777782330958,0.05,0.01,0.8473128887806941,0,0,10467.555555555555,0.1288888888888727,0.7188781507746441,0.011585267094135654,0.006372841275169467,190
2026-07-28 17:35:00,ccf-aiops-北大,fw,firewall,0.3888888884749804,0,0,0.8574341817023141,0.0014772429249219178,0,20571.022222222222,0.23111111112585703,0.19248481344527013,0.01854986074019449,1.3530843112619095e-16,108
2026-07-28 17:35:00,ccf-aiops-北大,monitor-vm,collector,9.883333333354031,0.78,0.91,0.8604704307416494,0.06064325393987078,11650.844444444443,1138688,34.222222222225454,0.36041169523462513,0.023527340013153708,1.7694179454963432e-16,152
2026-07-28 17:35:00,ccf-aiops-北大,probe-vm,probe,0.5333333333772998,0.05,0.02,0.9286781422220562,0,0,68084.62222222221,0.3733333333325895,0.1935126410753647,0.018537248883928603,1.1449174941446927e-16,122
2026-07-28 17:35:00,ccf-aiops-北大,service-vm-1,service,1.8500000000413905,0.09,0.21,0.9395528248718067,0.011723529552011063,0,318213.68888888886,3.6444444444431503,0.16249435648404675,0.01278873365752553,1.5959455978986625e-16,124
2026-07-28 17:35:00,ccf-aiops-北大,service-vm-2,service,0.1499999999456776,0.02,0.01,0.9306119079071523,0,0,0,0,0.18869670653513682,0.018537248883928603,1.0755285551056204e-16,116
2026-07-28 17:35:00,ccf-aiops-北大,service-vm-3,service,0.5555555554908977,0.06,0.02,0.9294398811097602,0,0,50608.35555555555,0.28444444444580264,0.19350260369616457,0.018535224758848834,1.0755285551056204e-16,118
2026-07-28 17:35:00,ccf-aiops-北大,traffic-vm,traffic,2.811111111142168,0.11,0.11,0.921786616788332,0.009612092601864436,0,174944.7111111111,9.813333333327641,0.18871276634185707,0.018561538384885168,1.5612511283791264e-16,129
2026-07-28 17:36:00,ccf-aiops-北大,br-1,br,0.7166666666873738,0,0,0.8379175099531209,0,0,318.5777777777777,0.12000000000019402,0.718721657894593,0.011585570562905101,0.006453196787430295,189
2026-07-28 17:36:00,ccf-aiops-北大,br-2,br,0.7277777770327276,0,0,0.8472389702458185,0,0,3936.7111111111108,0.15333333333223384,0.7188970617767789,0.011585613915586435,0.006453261452284444,190
2026-07-28 17:36:00,ccf-aiops-北大,cr-1,cr,0.6666666667701548,0.04,0.03,0.835780118969418,0,0,4369.066666666667,0.19777777777764843,0.7188856978259548,0.011586047442399883,0.006773648902538615,197
2026-07-28 17:36:00,ccf-aiops-北大,cr-2,cr,0.5499999996067828,0.02,0.01,0.8468895819709736,0,0,4232.533333333334,0.091111111111483,0.7188781507746441,0.011585267094135654,0.006292679749695637,190
2026-07-28 17:36:00,ccf-aiops-北大,fw,firewall,0.9777777776535999,0,0,0.8571932130481539,0.0014772429249219178,0,5643.377777777777,0.26666666668865624,0.19248481344527013,0.01854986074019449,1.3530843112619095e-16,108
2026-07-28 17:36:00,ccf-aiops-北大,monitor-vm,collector,8.377777777819176,0.58,0.84,0.8595278393722086,0.06064325393987078,0,1507874.1333333333,29.279999999998836,0.36053102949266636,0.023528741330516634,1.7694179454963432e-16,151
2026-07-28 17:36:00,ccf-aiops-北大,probe-vm,probe,0.23333333329195227,0.02,0.01,0.9301156172198202,0,0,67356.44444444444,0.33777777777787477,0.1935126410753647,0.018537248883928603,1.0755285551056204e-16,119
2026-07-28 17:36:00,ccf-aiops-北大,service-vm-1,service,3.7611111110891216,0.12,0.2,0.9395538077606941,0.011723529552011063,0,449649.77777777775,5.2622222222271375,0.16249562938279927,0.01278873365752553,1.5959455978986625e-16,125
2026-07-28 17:36:00,ccf-aiops-北大,service-vm-2,service,0.5666666666123348,0,0,0.9304325305089011,0,0,69905.06666666667,0.47111111111007625,0.18869670653513682,0.018537248883928603,1.0408340855860843e-16,119
2026-07-28 17:36:00,ccf-aiops-北大,service-vm-3,service,0.31111111114216783,0.02,0.01,0.9296364588872321,0,0,68084.62222222221,0.4355555555553615,0.19350260369616457,0.018535224758848834,1.0755285551056204e-16,119
2026-07-28 17:36:00,ccf-aiops-北大,traffic-vm,traffic,2.1722222221756624,0.04,0.09,0.9219748400102613,0.009612092601864436,0,147820.08888888886,7.955555555559436,0.18871276634185707,0.018561538384885168,1.5612511283791264e-16,129
2026-07-28 17:37:00,ccf-aiops-北大,br-1,br,0.7055555558246169,0.04,0.01,0.8366116171240495,0,0,4437.333333333333,0.2288888888890344,0.718721657894593,0.011585570562905101,0.006453196787430295,189
2026-07-28 17:37:00,ccf-aiops-北大,br-2,br,0.6944444434096511,0,0,0.8473478768872018,0,0,386.8444444444445,0.1466666666682512,0.7189179679763866,0.011585613915586435,0.006413179083015597,190
2026-07-28 17:37:00,ccf-aiops-北大,cr-1,cr,0.6333333331470783,0.01,0.02,0.8363704816679569,0,0,477.8666666666667,0.0866666666661331,0.7188861315645358,0.011586047442399883,0.0067335681398017,197
2026-07-28 17:37:00,ccf-aiops-北大,cr-2,cr,0.516666666501095,0,0,0.8477928664671524,0,0,6667.377777777777,0.20000000000032336,0.7189215246327514,0.011585267094135654,0.006372841275169467,190
2026-07-28 17:37:00,ccf-aiops-北大,fw,firewall,0.3666666677842727,0,0,0.856980125064723,0.0014772429249219178,0,0,0,0.19248481344527013,0.01854986074019449,1.3530843112619095e-16,106
2026-07-28 17:37:00,ccf-aiops-北大,monitor-vm,collector,7.711111111081365,0.5,0.79,0.8591219058627414,0.06064325393987078,70087.1111111111,1565036.0888888887,26.159999999993794,0.3606467439448803,0.02352998694595021,1.7694179454963432e-16,152
2026-07-28 17:37:00,ccf-aiops-北大,probe-vm,probe,2.1222222222584577,0.13,0.04,0.9294728078874868,0,0,10194.488888888887,0.4355555555553615,0.1935126410753647,0.018537248883928603,1.0755285551056204e-16,120
2026-07-28 17:37:00,ccf-aiops-北大,service-vm-1,service,6.54444444445997,0.24,0.22,0.939463381983057,0.011723529552011063,0,480415.28888888884,2.9155555555593713,0.1624973796185838,0.01278873365752553,1.5959455978986625e-16,125
2026-07-28 17:37:00,ccf-aiops-北大,service-vm-2,service,0.1499999999456776,0,0,0.930418770050953,0,0,0,0,0.18869670653513682,0.018537248883928603,1.0408340855860843e-16,118
2026-07-28 17:37:00,ccf-aiops-北大,service-vm-3,service,0.48888888889148063,0.01,0,0.930109719886496,0,0,182.04444444444442,0.008888888890699794,0.19350260369616457,0.018535224758848834,1.1796119636642288e-16,121
2026-07-28 17:37:00,ccf-aiops-北大,traffic-vm,traffic,1.6888888888449145,0.1,0.1,0.9221547086766483,0.009612092601864436,0,99396.26666666666,5.626666666664985,0.18871276634185707,0.018561538384885168,1.5612511283791264e-16,127
2026-07-28 17:38:00,ccf-aiops-北大,br-1,br,0.6944444444444571,0.01,0.01,0.8370344307268205,0,0,3618.133333333333,0.17555555555494115,0.718721657894593,0.011585570562905101,0.006493278755054086,189
2026-07-28 17:38:00,ccf-aiops-北大,br-2,br,0.6888888895304746,0.06,0.01,0.8474380574997499,0,0,4096,0.1555555555569299,0.7188965412904815,0.011585613915586435,0.006413179083015597,190
2026-07-28 17:38:00,ccf-aiops-北大,cr-1,cr,0.6000000000414047,0,0.02,0.8353124610387722,0,0,6462.577777777778,0.16666666666626245,0.7188856978259548,0.011586047442399883,0.006773648902538615,197
2026-07-28 17:38:00,ccf-aiops-北大,cr-2,cr,0.5055555566731442,0,0,0.8483521833810437,0,0,4027.733333333333,0.11111111111151532,0.7188760688294549,0.011585267094135654,0.006332760512432552,189
2026-07-28 17:38:00,ccf-aiops-北大,fw,firewall,0.7555555562592247,0.07,0.02,0.8571991874775959,0.0014772429249219178,0,3458.8444444444444,0.1244444444374595,0.19248481344527013,0.01854986074019449,1.3530843112619095e-16,106
2026-07-28 17:38:00,ccf-aiops-北大,monitor-vm,collector,6.799999999994824,0.48,0.75,0.8600296046423853,0.06064325393987078,0,1140144.3555555556,24.622222222209935,0.3606803564275619,0.023531232561383897,1.734723475976807e-16,152
2026-07-28 17:38:00,ccf-aiops-北大,probe-vm,probe,0.416666666602012,0.05,0.03,0.9292044792212375,0,0,546.1333333333333,0.01777777777735739,0.1935126410753647,0.018537248883928603,1.1449174941446927e-16,121
2026-07-28 17:38:00,ccf-aiops-北大,service-vm-1,service,8.56666666665761,0.36,0.26,0.9383920330958346,0.011723529552011063,0,465851.73333333334,16.657777777784048,0.16249849340499223,0.01278873365752553,1.5612511283791264e-16,128
2026-07-28 17:38:00,ccf-aiops-北大,service-vm-2,service,0.36666666662009106,0,0,0.9287424514059256,0,0,74274.13333333333,0.32000000000051737,0.18869670653513682,0.018537248883928603,1.0408340855860843e-16,119
2026-07-28 17:38:00,ccf-aiops-北大,service-vm-3,service,0.20555555542361503,0,0,0.9304896064414606,0,0,34952.53333333333,0.09777777777748672,0.19350260369616457,0.018535224758848834,1.0755285551056204e-16,120
2026-07-28 17:38:00,ccf-aiops-北大,traffic-vm,traffic,2.4722222222286803,0.04,0.08,0.9217659761216974,0.009612092601864436,0,161109.33333333334,8.879999999998187,0.18871276634185707,0.018561538384885168,1.5612511283791264e-16,128
2026-07-28 17:39:00,ccf-aiops-北大,br-1,br,0.7666666671219815,0,0,0.8373448882673168,0,0,477.8666666666667,0.16000000000025869,0.718722091633174,0.011585570562905101,0.006493278755054086,189
2026-07-28 17:39:00,ccf-aiops-北大,br-2,br,0.7166666672047768,0.02,0.01,0.8467456872230827,0,0,364.08888888888885,0.10444444444349048,0.7188965412904815,0.011585613915586435,0.006413179083015597,190
2026-07-28 17:39:00,ccf-aiops-北大,cr-1,cr,0.6277777777156928,0,0.01,0.8360353843098547,0,0,318.5777777777777,0.182222222222966,0.7188856978259548,0.011586047442399883,0.0067335681398017,197
2026-07-28 17:39:00,ccf-aiops-北大,cr-2,cr,0.5500000001241716,0,0,0.8473557615309218,0,0,6621.866666666667,0.20000000000032336,0.7188760688294549,0.011585267094135654,0.006372841275169467,189
2026-07-28 17:39:00,ccf-aiops-北大,fw,firewall,0.5111111110697237,0.02,0.01,0.8571225156330904,0.0014772429249219178,0,22391.466666666667,0.21333333334445742,0.19248481344527013,0.01854986074019449,1.3530843112619095e-16,106
2026-07-28 17:39:00,ccf-aiops-北大,monitor-vm,collector,7.711111111081365,0.61,0.77,0.8592201948480845,0.06064325393987078,0,1568130.8444444442,26.408888888901043,0.36079977024177523,0.023532478176817584,1.7694179454963432e-16,152
2026-07-28 17:39:00,ccf-aiops-北大,probe-vm,probe,0.22777777779589314,0.02,0.02,0.9291813813323845,0,0,65900.08888888889,0.24000000000038804,0.1935126410753647,0.018537248883928603,1.0755285551056204e-16,120
2026-07-28 17:39:00,ccf-aiops-北大,service-vm-1,service,4.9166666666537395,0.21,0.24,0.9383964560958278,0.011723529552011063,0,381747.2,10.862222222220023,0.16249948785714252,0.01278873365752553,1.5612511283791264e-16,129
2026-07-28 17:39:00,ccf-aiops-北大,service-vm-2,service,0.1722222221885943,0,0,0.9290265065735673,0,0,2730.6666666666665,0.09777777777748672,0.18869670653513682,0.018537248883928603,1.0408340855860843e-16,119
2026-07-28 17:39:00,ccf-aiops-北大,service-vm-3,service,0.3222222221989455,0,0,0.9308581897742206,0,0,69540.97777777778,0.5777777777782628,0.19350260369616457,0.018535224758848834,1.0755285551056204e-16,119
2026-07-28 17:39:00,ccf-aiops-北大,traffic-vm,traffic,1.2833333334290558,0.01,0.06,0.9219625538991694,0.009612092601864436,0,95027.2,4.097777777779911,0.18871276634185707,0.018561538384885168,1.5612511283791264e-16,126
2026-07-28 17:40:00,ccf-aiops-北大,br-1,br,0.7166666666873596,0,0,0.8372877246566857,0,0,5757.155555555555,0.20888888888900206,0.718721657894593,0.011585570562905101,0.006493278755054086,189
2026-07-28 17:40:00,ccf-aiops-北大,br-2,br,0.7222222216013421,0,0,0.8462533897808119,0,0,10808.888888888887,0.5311111111121943,0.7189071245118597,0.011585613915586435,0.006493343821553292,190
2026-07-28 17:40:00,ccf-aiops-北大,cr-1,cr,0.6500000009934155,0.06,0.02,0.8384145755523809,0,0,3572.622222222222,0.4355555555553615,0.7189013124148733,0.011586047442399883,0.006693487377064785,198
2026-07-28 17:40:00,ccf-aiops-北大,cr-2,cr,0.5055555556383382,0,0,0.84782588341273,0,0,4983.466666666666,0.15111111111158002,0.7188782375223604,0.011585267094135654,0.006292679749695637,188
2026-07-28 17:40:00,ccf-aiops-北大,fw,firewall,0.33333333416118194,0.01,0,0.8570826861034772,0.0014772429249219178,0,0,0,0.19248481344527013,0.01854986074019449,1.3530843112619095e-16,106
2026-07-28 17:40:00,ccf-aiops-北大,monitor-vm,collector,13.788888888860441,0.77,0.8,0.8586658449707492,0.06064325393987078,4915.2,1973907.911111111,46.22222222222869,0.3609166382584835,0.02353372379225127,1.8041124150158794e-16,153
2026-07-28 17:40:00,ccf-aiops-北大,probe-vm,probe,1.3277777776561948,0.05,0.03,0.9293494553321231,0,0,71725.5111111111,3.635555555552451,0.1935126410753647,0.018537248883928603,1.0755285551056204e-16,120
2026-07-28 17:40:00,ccf-aiops-北大,service-vm-1,service,3.005555555541335,0.19,0.22,0.9386515157620976,0.011723529552011063,0,295822.2222222222,8.488888888896327,0.1625005618654649,0.01278873365752553,1.5612511283791264e-16,129
2026-07-28 17:40:00,ccf-aiops-北大,service-vm-2,service,4.927777777775205,0.04,0.01,0.9275757611499025,0,0,123426.13333333333,17.3066666666677,0.18869670653513682,0.018537871691645447,1.249000902703301e-16,122
2026-07-28 17:40:00,ccf-aiops-北大,service-vm-3,service,3.805555555607299,0.12,0.03,0.9308311603298182,0,0,53521.066666666666,13.288888888891961,0.19350260369616457,0.018535224758848834,1.0755285551056204e-16,118
2026-07-28 17:40:00,ccf-aiops-北大,traffic-vm,traffic,1.9333333333229916,0,0.05,0.9219935148991212,0.009612092601864436,0,107406.22222222222,5.6622222222277845,0.18871276634185707,0.018561538384885168,1.5612511283791264e-16,126
2026-07-28 17:41:00,ccf-aiops-北大,br-1,br,0.6666666667701548,0.04,0.01,0.8368806803258129,0,0,318.5777777777777,0.15333333333223384,0.718721657894593,0.011585570562905101,0.006453196787430295,189
2026-07-28 17:41:00,ccf-aiops-北大,br-2,br,0.7444444448790506,0,0,0.845758135597146,0,0,2935.4666666666667,0.1911111111096236,0.7189071245118597,0.011585613915586435,0.006413179083015597,190
2026-07-28 17:41:00,ccf-aiops-北大,cr-1,cr,0.6166666673703531,0.02,0.02,0.836149218853563,0,0,3618.133333333333,0.19555555555497345,0.7189013124148733,0.011586047442399883,0.0067335681398017,198
2026-07-28 17:41:00,ccf-aiops-北大,cr-2,cr,0.5111111115871125,0.06,0.01,0.8468467092207459,0,0,4027.733333333333,0.06000000000009701,0.7188782375223604,0.011585267094135654,0.006372841275169467,188
2026-07-28 17:41:00,ccf-aiops-北大,fw,firewall,3.4888888895511627,0.11,0.03,0.8567431393635241,0.0014772429249219178,0,27488.711111111108,6.035555555556331,0.19248481344527013,0.01854986074019449,1.3530843112619095e-16,106
2026-07-28 17:41:00,ccf-aiops-北大,monitor-vm,collector,12.583333333313945,0.8,0.83,0.8598025570862426,0.06064325393987078,18750.577777777777,1850845.8666666667,43.83111111109933,0.36103143781471925,0.023535125109614197,1.7694179454963432e-16,153
2026-07-28 17:41:00,ccf-aiops-北大,probe-vm,probe,2.58888888877766,0.02,0.02,0.9294408639986476,0,0,50608.35555555555,6.853333333334982,0.1935126410753647,0.018537248883928603,1.1102230246251565e-16,120
2026-07-28 17:41:00,ccf-aiops-北大,service-vm-1,service,4.788888888821631,0.18,0.21,0.9391395200946718,0.011723529552011063,0,234473.24444444443,3.626666666669835,0.1625019143203894,0.01278873365752553,1.5612511283791264e-16,128
2026-07-28 17:41:00,ccf-aiops-北大,service-vm-2,service,7.772222222217053,0.1,0.04,0.9278077231553123,0,0,36226.84444444444,15.74222222222387,0.18869670653513682,0.018537871691645447,1.249000902703301e-16,120
2026-07-28 17:41:00,ccf-aiops-北大,service-vm-3,service,1.555555555452088,0.08,0.04,0.9305623402191252,0,0,37501.15555555555,7.084444444444671,0.19350260369616457,0.018535224758848834,1.0755285551056204e-16,118
2026-07-28 17:41:00,ccf-aiops-北大,traffic-vm,traffic,2.3722222222325655,0,0.04,0.9218819570104059,0.009612092601864436,0,140720.35555555552,6.426666666666278,0.18871276634185707,0.018561538384885168,1.5959455978986625e-16,128
2026-07-28 17:42:00,ccf-aiops-北大,br-1,br,0.7499999992756443,0.01,0.01,0.8363765564148166,0,0,705.4222222222221,0.30444444444583496,0.718721657894593,0.011585570562905101,0.006613524657925457,193
2026-07-28 17:42:00,ccf-aiops-北大,br-2,br,0.7444444443616618,0.08,0.02,0.8468688847812085,0,0,477.8666666666667,0.13555555555689755,0.7189075582504408,0.011585613915586435,0.006413179083015597,190
2026-07-28 17:42:00,ccf-aiops-北大,cr-1,cr,0.6499999994412207,0,0.01,0.835271066659242,0,0,477.8666666666667,0.10444444444551158,0.7189046955758058,0.011586047442399883,0.0067335681398017,198
2026-07-28 17:42:00,ccf-aiops-北大,cr-2,cr,0.566666666935717,0.02,0.01,0.8472463620993061,0,0,4027.733333333333,0.04888888888874336,0.7188782375223604,0.011585267094135654,0.006332760512432552,189
2026-07-28 17:42:00,ccf-aiops-北大,fw,firewall,7.311111111193895,0.09,0.04,0.8563309037320269,0.0014772429249219178,0,30765.511111111107,7.786666666668476,0.19248481344527013,0.01854986074019449,1.3530843112619095e-16,107
2026-07-28 17:42:00,ccf-aiops-北大,monitor-vm,collector,11.338888888874664,0.74,0.83,0.860593783418255,0.06064325393987078,3640.8888888888887,2080221.8666666667,37.982222222231535,0.36115049362615836,0.023536370725047884,1.734723475976807e-16,152
2026-07-28 17:42:00,ccf-aiops-北大,probe-vm,probe,0.922222222240336,0.12,0.05,0.9294826367763603,0,0,101398.75555555554,3.066666666664888,0.1935126410753647,0.018537248883928603,1.0755285551056204e-16,120
2026-07-28 17:42:00,ccf-aiops-北大,service-vm-1,service,4.711111111133107,0.06,0.17,0.939229945872309,0.011723529552011063,0,253587.9111111111,10.942222222228235,0.16250314744105587,0.01278873365752553,1.5612511283791264e-16,129
2026-07-28 17:42:00,ccf-aiops-北大,service-vm-2,service,3.7333333333178302,0.19,0.06,0.927192925551991,0,0,46603.37777777777,0.03555555555471478,0.18869670653513682,0.018537871691645447,1.2836953722228372e-16,121
2026-07-28 17:42:00,ccf-aiops-北大,service-vm-3,service,1.5277777777777857,0.03,0.03,0.9302782853306782,0,0,83922.48888888888,3.635555555552451,0.19350260369616457,0.018535224758848834,1.0755285551056204e-16,120
2026-07-28 17:42:00,ccf-aiops-北大,traffic-vm,traffic,2.005555555547801,0,0.03,0.9219276613436681,0.009612092601864436,0,129069.5111111111,7.191111111112856,0.18871276634185707,0.018561538384885168,1.5959455978986625e-16,128
2026-07-28 17:43:00,ccf-aiops-北大,br-1,br,0.7277777780675336,0,0,0.8367426991967034,0,0,3140.266666666667,0.12222222222286896,0.718721657894593,0.011585570562905101,0.006453196787430295,189
2026-07-28 17:43:00,ccf-aiops-北大,br-2,br,0.7888888888475094,0.03,0.01,0.846209531450119,0,0,13220.977777777776,0.0733333333321045,0.718886999041698,0.011585613915586435,0.006453261452284444,192
2026-07-28 17:43:00,ccf-aiops-北大,cr-1,cr,0.6166666663355329,0,0.01,0.8353962353782978,0,0,4300.8,0.12444444444554392,0.7189038280986436,0.011586047442399883,0.006693487377064785,198
2026-07-28 17:43:00,ccf-aiops-北大,cr-2,cr,0.5111111115871267,0,0,0.8474163747295198,0,0,4801.4222222222215,0.04888888888874336,0.7188782375223604,0.011585267094135654,0.006372841275169467,189
2026-07-28 17:43:00,ccf-aiops-北大,fw,firewall,0.8444444441960854,0.03,0.03,0.857118532680129,0.0014772429249219178,0,2184.5333333333333,0.16000000000025869,0.19248481344527013,0.01854986074019449,1.3530843112619095e-16,107
2026-07-28 17:43:00,ccf-aiops-北大,monitor-vm,collector,7.355555555518052,0.7,0.82,0.858880606403724,0.06064325393987078,33132.08888888889,1170545.7777777775,24.942222222226622,0.3611760311573792,0.02353761634048146,1.7694179454963432e-16,153
2026-07-28 17:43:00,ccf-aiops-北大,probe-vm,probe,0.549999999930165,0.04,0.04,0.9289322189994388,0,0,7463.822222222222,0.5422222222235481,0.1935126410753647,0.018537248883928603,1.0408340855860843e-16,121
2026-07-28 17:43:00,ccf-aiops-北大,service-vm-1,service,7.827777777759678,0.26,0.2,0.9392274886500905,0.011723529552011063,0,315847.11111111107,25.511111111118222,0.16250422144937826,0.01278873365752553,1.5612511283791264e-16,125
2026-07-28 17:43:00,ccf-aiops-北大,service-vm-2,service,0.3333333333203967,0.07,0.05,0.9271034825753287,0,0,4915.2,0.24888888888704563,0.18869670653513682,0.018537871691645447,1.249000902703301e-16,119
2026-07-28 17:43:00,ccf-aiops-北大,service-vm-3,service,1.5444444444599696,0.07,0.04,0.9297298333315314,0,0,83740.44444444444,4.177777777780042,0.19350260369616457,0.018535224758848834,1.1102230246251565e-16,120
2026-07-28 17:43:00,ccf-aiops-北大,traffic-vm,traffic,1.2388888888785488,0.03,0.03,0.9218038173438607,0.009612092601864436,0,79917.5111111111,3.9644444444436684,0.18871276634185707,0.018561538384885168,1.5959455978986625e-16,128
2026-07-28 17:44:00,ccf-aiops-北大,br-1,br,0.8722222223877907,0,0,0.836178947726342,0,0,2548.622222222222,0.14222222222290132,0.7187268627575659,0.011585570562905101,0.006413114819806504,189
2026-07-28 17:44:00,ccf-aiops-北大,br-2,br,0.733333333498905,0.01,0,0.8467082351654124,0,0,10763.377777777778,0.22000000000035572,0.7188968015336302,0.011585613915586435,0.006453261452284444,191
2026-07-28 17:44:00,ccf-aiops-北大,cr-1,cr,0.6111111103867586,0,0,0.8359264776684714,0,0,159.28888888888886,0.08222222222280429,0.7189038280986436,0.011586047442399883,0.0067335681398017,198
2026-07-28 17:44:00,ccf-aiops-北大,cr-2,cr,0.5166666670185123,0,0,0.8468639568788835,0,0,4027.733333333333,0.06666666666610076,0.7188782375223604,0.011585267094135654,0.006372841275169467,189
2026-07-28 17:44:00,ccf-aiops-北大,fw,firewall,0.3333333331263759,0.01,0.02,0.8570080057354522,0.0014772429249219178,0,20935.11111111111,0.10666666665605992,0.19248481344527013,0.01854986074019449,1.3530843112619095e-16,107
2026-07-28 17:44:00,ccf-aiops-北大,monitor-vm,collector,12.01111111107619,1.11,0.95,0.8602310970623388,0.06064325393987078,0,2208745.2444444443,40.53333333334497,0.3612941720728401,0.023538861955915147,1.7694179454963432e-16,153
2026-07-28 17:44:00,ccf-aiops-北大,probe-vm,probe,0.36111111105938676,0.01,0.03,0.9289223901105652,0,0,67720.53333333334,0.32888888889121715,0.1935126410753647,0.018537248883928603,1.0755285551056204e-16,120
2026-07-28 17:44:00,ccf-aiops-北大,service-vm-1,service,7.244444444400472,0.25,0.21,0.939475668094149,0.011723529552011063,0,428896.71111111104,1.4577777777756433,0.16250569323856068,0.01278873365752553,1.5612511283791264e-16,124
2026-07-28 17:44:00,ccf-aiops-北大,service-vm-2,service,0.18888888887079247,0.02,0.04,0.9273005519909416,0,0,66264.17777777778,0.13333333333220151,0.18869670653513682,0.018537871691645447,1.249000902703301e-16,119
2026-07-28 17:44:00,ccf-aiops-北大,service-vm-3,service,0.5499999999948386,0.02,0.03,0.9294369324430981,0,0,13289.244444444445,0.24000000000038804,0.19350260369616457,0.018535224758848834,1.1449174941446927e-16,122
2026-07-28 17:44:00,ccf-aiops-北大,traffic-vm,traffic,2.8611111110593725,0.25,0.11,0.9217993943438676,0.009612092601864436,0,167298.84444444443,9.644444444444767,0.18871276634185707,0.018561538384885168,1.5612511283791264e-16,128
2026-07-28 17:45:00,ccf-aiops-北大,br-1,br,1.10555555516234,0.06,0.02,0.8371605849020063,0,0,7076.977777777777,0.1555555555549088,0.7187259952804037,0.011585570562905101,0.006493278755054086,189
2026-07-28 17:45:00,ccf-aiops-北大,br-2,br,0.7444444448790648,0,0,0.8474055333444047,0,0,8465.066666666668,0.10666666666616542,0.7188968015336302,0.011585613915586435,0.006413179083015597,191
2026-07-28 17:45:00,ccf-aiops-北大,cr-1,cr,0.6777777776328975,0,0,0.8361418270000754,0,0,910.2222222222222,0.39777777777797185,0.7189038280986436,0.011586047442399883,0.0067335681398017,198
2026-07-28 17:45:00,ccf-aiops-北大,cr-2,cr,0.566666665900911,0,0,0.84634554155429,0,0,5734.4,0.10222222222283663,0.7188883870051574,0.011585267094135654,0.006332760512432552,189
2026-07-28 17:45:00,ccf-aiops-北大,fw,firewall,0.966666666790843,0,0.02,0.8561606324929303,0.0014772429249219178,0,22937.6,1.297777777783469,0.19248481344527013,0.01854986074019449,1.3530843112619095e-16,107
2026-07-28 17:45:00,ccf-aiops-北大,monitor-vm,collector,10.050000000014236,0.7,0.87,0.8590211596527647,0.06064325393987078,69358.93333333333,1930399.288888889,33.733333333333974,0.3614062667192268,0.023540107571348834,1.8041124150158794e-16,151
2026-07-28 17:45:00,ccf-aiops-北大,probe-vm,probe,0.16666666675722297,0,0.02,0.9292708242211343,0,0,0,0,0.1935126410753647,0.018537248883928603,1.0755285551056204e-16,116
2026-07-28 17:45:00,ccf-aiops-北大,service-vm-1,service,4.438888888948384,0.29,0.23,0.9396638913160784,0.011723529552011063,0,264510.57777777774,11.493333333330359,0.16250664791262504,0.01278873365752553,1.5612511283791264e-16,125
2026-07-28 17:45:00,ccf-aiops-北大,service-vm-2,service,2.1166666665683636,0.01,0.03,0.9267044292948355,0,0,17476.266666666666,0.6133333333329776,0.18869670653513682,0.018537871691645447,1.3877787807814457e-16,124
2026-07-28 17:45:00,ccf-aiops-北大,service-vm-3,service,0.2166666666097541,0.01,0.02,0.9296743001093956,0,0,34952.53333333333,0.23111111110968824,0.19350260369616457,0.018535224758848834,1.1102230246251565e-16,120
2026-07-28 17:45:00,ccf-aiops-北大,traffic-vm,traffic,3.861111111182254,0.24,0.12,0.9216721102329545,0.009612092601864436,0,157104.35555555552,9.35111111111635,0.18871276634185707,0.018561538384885168,1.5959455978986625e-16,129
