id,timestamp_utc,prometheus_sample_time_utc,series_key,flow_type,source_region,source_ip,target_region,target_domain,protocol,dns_flow_active,dns_flow_batch_concurrency,dns_flow_batches_started_total,dns_flow_batches_completed_total,dns_flow_batches_failed_total,dns_flow_batches_timeout_total,dns_flow_requests_total,dns_flow_success_total,dns_flow_error_total,dns_flow_bytes_sent_total,dns_flow_bytes_received_total,dns_flow_duration_seconds_sum,dns_flow_active_seconds_total,dns_flow_duration_seconds_count,dns_flow_batch_duration_seconds,dns_flow_last_batch_timestamp_seconds,dns_flow_observed_qps,dns_flow_latency_mean_seconds,dns_flow_latency_p95_seconds,dns_flow_request_latency_seconds_bucket_le_0_01,dns_flow_request_latency_seconds_bucket_le_0_025,dns_flow_request_latency_seconds_bucket_le_0_05,dns_flow_request_latency_seconds_bucket_le_0_1,dns_flow_request_latency_seconds_bucket_le_0_25,dns_flow_request_latency_seconds_bucket_le_0_5,dns_flow_request_latency_seconds_bucket_le_1,dns_flow_request_latency_seconds_bucket_le_2_5,dns_flow_request_latency_seconds_bucket_le_5,dns_flow_request_latency_seconds_bucket_le_plus_inf,dns_flow_request_latency_seconds_sum,dns_flow_request_latency_seconds_count,web_flow_active,web_flow_batch_concurrency,web_flow_batches_started_total,web_flow_batches_completed_total,web_flow_batches_failed_total,web_flow_batches_timeout_total,web_flow_requests_total,web_flow_success_total,web_flow_error_total,web_flow_bytes_sent_total,web_flow_bytes_received_total,web_flow_duration_seconds_sum,web_flow_active_seconds_total,web_flow_duration_seconds_count,web_flow_batch_duration_seconds,web_flow_last_batch_timestamp_seconds,web_flow_observed_qps,web_flow_latency_mean_seconds,web_flow_latency_p95_seconds,web_flow_request_latency_seconds_bucket_le_0_01,web_flow_request_latency_seconds_bucket_le_0_025,web_flow_request_latency_seconds_bucket_le_0_05,web_flow_request_latency_seconds_bucket_le_0_1,web_flow_request_latency_seconds_bucket_le_0_25,web_flow_request_latency_seconds_bucket_le_0_5,web_flow_request_latency_seconds_bucket_le_1,web_flow_request_latency_seconds_bucket_le_2_5,web_flow_request_latency_seconds_bucket_le_5,web_flow_request_latency_seconds_bucket_le_plus_inf,web_flow_request_latency_seconds_sum,web_flow_request_latency_seconds_count,auth_flow_active,auth_flow_batch_concurrency,auth_flow_batches_started_total,auth_flow_batches_completed_total,auth_flow_batches_failed_total,auth_flow_batches_timeout_total,auth_flow_requests_total,auth_flow_success_total,auth_flow_error_total,auth_flow_bytes_sent_total,auth_flow_bytes_received_total,auth_flow_duration_seconds_sum,auth_flow_active_seconds_total,auth_flow_duration_seconds_count,auth_flow_batch_duration_seconds,auth_flow_last_batch_timestamp_seconds,auth_flow_observed_qps,auth_flow_latency_mean_seconds,auth_flow_latency_p95_seconds,auth_flow_request_latency_seconds_bucket_le_0_01,auth_flow_request_latency_seconds_bucket_le_0_025,auth_flow_request_latency_seconds_bucket_le_0_05,auth_flow_request_latency_seconds_bucket_le_0_1,auth_flow_request_latency_seconds_bucket_le_0_25,auth_flow_request_latency_seconds_bucket_le_0_5,auth_flow_request_latency_seconds_bucket_le_1,auth_flow_request_latency_seconds_bucket_le_2_5,auth_flow_request_latency_seconds_bucket_le_5,auth_flow_request_latency_seconds_bucket_le_plus_inf,auth_flow_request_latency_seconds_sum,auth_flow_request_latency_seconds_count,elephant_flow_active,elephant_flow_batch_concurrency,elephant_flow_batches_started_total,elephant_flow_batches_completed_total,elephant_flow_batches_failed_total,elephant_flow_batches_timeout_total,elephant_flow_requests_total,elephant_flow_success_total,elephant_flow_error_total,elephant_flow_bytes_sent_total,elephant_flow_bytes_received_total,elephant_flow_duration_seconds_sum,elephant_flow_active_seconds_total,elephant_flow_duration_seconds_count,elephant_flow_batch_duration_seconds,elephant_flow_last_batch_timestamp_seconds,elephant_flow_observed_qps,elephant_flow_latency_mean_seconds,elephant_flow_latency_p95_seconds,elephant_flow_throughput_bps,elephant_flow_retransmits_total,elephant_flow_loss_rate,elephant_flow_jitter_seconds
8761,2026-07-28 15:11:00,2026-07-28 15:11:05,ee326f44976e396efecf37ca2be7f0c6d8ebf134bdf231390e009766ac78c202,auth,guangzhou,fd00:8:40::10,wuhan,auth01.wuhan.aiops.local,http,\N,\N,\N,\N,\N,\N,\N,\N,\N,\N,\N,\N,\N,\N,\N,\N,\N,\N,\N,\N,\N,\N,\N,\N,\N,\N,\N,\N,\N,\N,\N,\N,\N,\N,\N,\N,\N,\N,\N,\N,\N,\N,\N,\N,\N,\N,\N,\N,\N,\N,\N,\N,\N,\N,\N,\N,\N,\N,\N,\N,\N,\N,0,0,1906,1899,7,5,46300,46209,91,9138774,9727405,38700.29015027126,38699.76013443107,1906,10.087794898077846,1785251434.9810622,2,0.07268628675956279,0.2660830351524055,0,0,17885,41963,41963,46209,46209,46209,46209,46209,3261.9167529586703,46209,\N,\N,\N,\N,\N,\N,\N,\N,\N,\N,\N,\N,\N,\N,\N,\N,\N,\N,\N,\N,\N,\N,\N
8762,2026-07-28 15:11:00,2026-07-28 15:11:05,ffb05429579021fd35348352550a0b841ac2f6528a179dbccbd62b53a8a52908,dns,guangzhou,fd00:8:40::10,beida,dns.beida.aiops.local,udp,0,0,4833,4832,1,0,255867,255793,74,12099881,19262085,96725.88777972013,96724.82223302871,4833,30.052024429198354,1785251418.527642,2,0.035255363878483575,0.03565217338036746,0,0,255625,255749,255767,255769,255774,255791,255793,255793,9068.321815487463,255793,\N,\N,\N,\N,\N,\N,\N,\N,\N,\N,\N,\N,\N,\N,\N,\N,\N,\N,\N,\N,\N,\N,\N,\N,\N,\N,\N,\N,\N,\N,\N,\N,\N,\N,\N,\N,\N,\N,\N,\N,\N,\N,\N,\N,\N,\N,\N,\N,\N,\N,\N,\N,\N,\N,\N,\N,\N,\N,\N,\N,\N,\N,\N,\N,\N,\N,\N,\N,\N,\N,\N,\N,\N,\N,\N,\N,\N,\N,\N,\N,\N,\N,\N,\N,\N
8763,2026-07-28 15:11:00,2026-07-28 15:11:05,ad5bfbf6494ec00b594c42721953bfa0e72a8b90cf04e780949b2c88af06806c,web,guangzhou,fd00:8:40::10,shanghai,web01.shanghai.aiops.local,http,\N,\N,\N,\N,\N,\N,\N,\N,\N,\N,\N,\N,\N,\N,\N,\N,\N,\N,\N,\N,\N,\N,\N,\N,\N,\N,\N,\N,\N,\N,\N,0,0,2816,2810,6,5,227242,227118,124,23658244,62944924,98540.73490580823,98540.09094035253,2816,30.08729852270335,1785251457.2095242,2,0.10692129325276861,0.3000996960327029,0,0,0,205288,205290,227116,227116,227118,227118,227118,19638.777333350852,227118,\N,\N,\N,\N,\N,\N,\N,\N,\N,\N,\N,\N,\N,\N,\N,\N,\N,\N,\N,\N,\N,\N,\N,\N,\N,\N,\N,\N,\N,\N,\N,\N,\N,\N,\N,\N,\N,\N,\N,\N,\N,\N,\N,\N,\N,\N,\N,\N,\N,\N,\N,\N,\N,\N
8764,2026-07-28 15:12:00,2026-07-28 15:12:05,ee326f44976e396efecf37ca2be7f0c6d8ebf134bdf231390e009766ac78c202,auth,guangzhou,fd00:8:40::10,wuhan,auth01.wuhan.aiops.local,http,\N,\N,\N,\N,\N,\N,\N,\N,\N,\N,\N,\N,\N,\N,\N,\N,\N,\N,\N,\N,\N,\N,\N,\N,\N,\N,\N,\N,\N,\N,\N,\N,\N,\N,\N,\N,\N,\N,\N,\N,\N,\N,\N,\N,\N,\N,\N,\N,\N,\N,\N,\N,\N,\N,\N,\N,\N,\N,\N,\N,\N,\N,1,2,1907,1899,7,5,46316,46225,91,9142022,9731085,38700.29015027126,38716.667281283066,1906,10.087794898077846,1785251434.9810622,1.0832803520161896,0.11963441898114979,0.27417578489985317,0,0,17896,41974,41974,46225,46225,46225,46225,46225,3263.8309036623687,46225,\N,\N,\N,\N,\N,\N,\N,\N,\N,\N,\N,\N,\N,\N,\N,\N,\N,\N,\N,\N,\N,\N,\N
8765,2026-07-28 15:12:00,2026-07-28 15:12:05,ffb05429579021fd35348352550a0b841ac2f6528a179dbccbd62b53a8a52908,dns,guangzhou,fd00:8:40::10,beida,dns.beida.aiops.local,udp,0,0,4834,4833,1,0,256017,255943,74,12106949,19273353,96755.93958672509,96754.87388548069,4834,30.05180700495839,1785251508.7001607,5,0.03507390245174368,0.03561605734284967,0,0,255775,255899,255917,255919,255924,255941,255943,255943,9073.582900855225,255943,\N,\N,\N,\N,\N,\N,\N,\N,\N,\N,\N,\N,\N,\N,\N,\N,\N,\N,\N,\N,\N,\N,\N,\N,\N,\N,\N,\N,\N,\N,\N,\N,\N,\N,\N,\N,\N,\N,\N,\N,\N,\N,\N,\N,\N,\N,\N,\N,\N,\N,\N,\N,\N,\N,\N,\N,\N,\N,\N,\N,\N,\N,\N,\N,\N,\N,\N,\N,\N,\N,\N,\N,\N,\N,\N,\N,\N,\N,\N,\N,\N,\N,\N,\N,\N
8766,2026-07-28 15:12:00,2026-07-28 15:12:05,ad5bfbf6494ec00b594c42721953bfa0e72a8b90cf04e780949b2c88af06806c,web,guangzhou,fd00:8:40::10,shanghai,web01.shanghai.aiops.local,http,\N,\N,\N,\N,\N,\N,\N,\N,\N,\N,\N,\N,\N,\N,\N,\N,\N,\N,\N,\N,\N,\N,\N,\N,\N,\N,\N,\N,\N,\N,\N,0,0,2817,2811,6,5,227272,227148,124,23661424,62953264,98570.82156052487,98570.17740635062,2817,30.086654716636986,1785251502.750702,1,0.06362526786203186,0.06402805929537862,0,0,0,205318,205320,227146,227146,227148,227148,227148,19640.686091386713,227148,\N,\N,\N,\N,\N,\N,\N,\N,\N,\N,\N,\N,\N,\N,\N,\N,\N,\N,\N,\N,\N,\N,\N,\N,\N,\N,\N,\N,\N,\N,\N,\N,\N,\N,\N,\N,\N,\N,\N,\N,\N,\N,\N,\N,\N,\N,\N,\N,\N,\N,\N,\N,\N,\N
8767,2026-07-28 15:13:00,2026-07-28 15:13:05,ee326f44976e396efecf37ca2be7f0c6d8ebf134bdf231390e009766ac78c202,auth,guangzhou,fd00:8:40::10,wuhan,auth01.wuhan.aiops.local,http,\N,\N,\N,\N,\N,\N,\N,\N,\N,\N,\N,\N,\N,\N,\N,\N,\N,\N,\N,\N,\N,\N,\N,\N,\N,\N,\N,\N,\N,\N,\N,\N,\N,\N,\N,\N,\N,\N,\N,\N,\N,\N,\N,\N,\N,\N,\N,\N,\N,\N,\N,\N,\N,\N,\N,\N,\N,\N,\N,\N,\N,\N,0,0,1907,1900,7,5,46320,46229,91,9142834,9732005,38720.37725809822,38719.84709954681,1907,20.087107826955616,1785251524.9512546,1,0.10556438302155584,0.27416028964798894,0,0,17900,41978,41978,46229,46229,46229,46229,46229,3264.0280406191014,46229,\N,\N,\N,\N,\N,\N,\N,\N,\N,\N,\N,\N,\N,\N,\N,\N,\N,\N,\N,\N,\N,\N,\N
8768,2026-07-28 15:13:00,2026-07-28 15:13:05,ad5bfbf6494ec00b594c42721953bfa0e72a8b90cf04e780949b2c88af06806c,web,guangzhou,fd00:8:40::10,shanghai,web01.shanghai.aiops.local,http,\N,\N,\N,\N,\N,\N,\N,\N,\N,\N,\N,\N,\N,\N,\N,\N,\N,\N,\N,\N,\N,\N,\N,\N,\N,\N,\N,\N,\N,\N,\N,1,1,2819,2812,6,5,227302,227178,124,23664634,62961634,98585.90963597782,98586.2672934006,2818,15.088075452949852,1785251569.9507468,2,0.10282893722566465,0.29909537711646406,0,0,0,205343,205345,227176,227176,227178,227178,227178,19643.770959503483,227178,\N,\N,\N,\N,\N,\N,\N,\N,\N,\N,\N,\N,\N,\N,\N,\N,\N,\N,\N,\N,\N,\N,\N,\N,\N,\N,\N,\N,\N,\N,\N,\N,\N,\N,\N,\N,\N,\N,\N,\N,\N,\N,\N,\N,\N,\N,\N,\N,\N,\N,\N,\N,\N,\N
8769,2026-07-28 15:14:00,2026-07-28 15:14:05,ffb05429579021fd35348352550a0b841ac2f6528a179dbccbd62b53a8a52908,dns,guangzhou,fd00:8:40::10,beida,dns.beida.aiops.local,udp,1,2,4836,4834,1,0,256047,255973,74,12108395,19275639,96785.99090898316,96784.92502540676,4835,30.051322258077562,1785251630.4920208,1,0.03536900115820269,0.036124973371624944,0,0,255805,255929,255947,255949,255954,255971,255973,255973,9074.64397088997,255973,\N,\N,\N,\N,\N,\N,\N,\N,\N,\N,\N,\N,\N,\N,\N,\N,\N,\N,\N,\N,\N,\N,\N,\N,\N,\N,\N,\N,\N,\N,\N,\N,\N,\N,\N,\N,\N,\N,\N,\N,\N,\N,\N,\N,\N,\N,\N,\N,\N,\N,\N,\N,\N,\N,\N,\N,\N,\N,\N,\N,\N,\N,\N,\N,\N,\N,\N,\N,\N,\N,\N,\N,\N,\N,\N,\N,\N,\N,\N,\N,\N,\N,\N,\N,\N
8770,2026-07-28 15:14:00,2026-07-28 15:14:05,ad5bfbf6494ec00b594c42721953bfa0e72a8b90cf04e780949b2c88af06806c,web,guangzhou,fd00:8:40::10,shanghai,web01.shanghai.aiops.local,http,\N,\N,\N,\N,\N,\N,\N,\N,\N,\N,\N,\N,\N,\N,\N,\N,\N,\N,\N,\N,\N,\N,\N,\N,\N,\N,\N,\N,\N,\N,\N,0,0,2820,2814,6,5,227377,227253,124,23672539,62982439,98616.08556168294,98615.4409004217,2820,15.087964643258601,1785251639.967332,4,0.07189237918549528,0.06550223780795932,0,0,0,205416,205418,227251,227251,227253,227253,227253,19649.03381260205,227253,\N,\N,\N,\N,\N,\N,\N,\N,\N,\N,\N,\N,\N,\N,\N,\N,\N,\N,\N,\N,\N,\N,\N,\N,\N,\N,\N,\N,\N,\N,\N,\N,\N,\N,\N,\N,\N,\N,\N,\N,\N,\N,\N,\N,\N,\N,\N,\N,\N,\N,\N,\N,\N,\N
8771,2026-07-28 15:15:00,2026-07-28 15:15:05,ffb05429579021fd35348352550a0b841ac2f6528a179dbccbd62b53a8a52908,dns,guangzhou,fd00:8:40::10,beida,dns.beida.aiops.local,udp,0,0,4836,4835,1,0,256087,256013,74,12110280,19278644,96806.04207831109,96804.97603046056,4836,20.05116932792589,1785251661.665286,2,0.03535967530915514,0.0357877983013168,0,0,255845,255969,255987,255989,255994,256011,256013,256013,9076.058357902337,256013,\N,\N,\N,\N,\N,\N,\N,\N,\N,\N,\N,\N,\N,\N,\N,\N,\N,\N,\N,\N,\N,\N,\N,\N,\N,\N,\N,\N,\N,\N,\N,\N,\N,\N,\N,\N,\N,\N,\N,\N,\N,\N,\N,\N,\N,\N,\N,\N,\N,\N,\N,\N,\N,\N,\N,\N,\N,\N,\N,\N,\N,\N,\N,\N,\N,\N,\N,\N,\N,\N,\N,\N,\N,\N,\N,\N,\N,\N,\N,\N,\N,\N,\N,\N,\N
8772,2026-07-28 15:15:00,2026-07-28 15:15:05,ad5bfbf6494ec00b594c42721953bfa0e72a8b90cf04e780949b2c88af06806c,web,guangzhou,fd00:8:40::10,shanghai,web01.shanghai.aiops.local,http,\N,\N,\N,\N,\N,\N,\N,\N,\N,\N,\N,\N,\N,\N,\N,\N,\N,\N,\N,\N,\N,\N,\N,\N,\N,\N,\N,\N,\N,\N,\N,1,1,2821,2814,6,5,227400,227276,124,23674977,62988833,98616.08556168294,98639.36883693561,2820,15.087964643258601,1785251639.967332,1.0070323945214739,0.06378905930677833,0.06416152962483467,0,0,0,205439,205441,227274,227274,227276,227276,227276,19650.500960966107,227276,\N,\N,\N,\N,\N,\N,\N,\N,\N,\N,\N,\N,\N,\N,\N,\N,\N,\N,\N,\N,\N,\N,\N,\N,\N,\N,\N,\N,\N,\N,\N,\N,\N,\N,\N,\N,\N,\N,\N,\N,\N,\N,\N,\N,\N,\N,\N,\N,\N,\N,\N,\N,\N,\N
8773,2026-07-28 15:16:00,2026-07-28 15:16:05,ee326f44976e396efecf37ca2be7f0c6d8ebf134bdf231390e009766ac78c202,auth,guangzhou,fd00:8:40::10,wuhan,auth01.wuhan.aiops.local,http,\N,\N,\N,\N,\N,\N,\N,\N,\N,\N,\N,\N,\N,\N,\N,\N,\N,\N,\N,\N,\N,\N,\N,\N,\N,\N,\N,\N,\N,\N,\N,\N,\N,\N,\N,\N,\N,\N,\N,\N,\N,\N,\N,\N,\N,\N,\N,\N,\N,\N,\N,\N,\N,\N,\N,\N,\N,\N,\N,\N,\N,\N,0,0,1908,1901,7,5,46335,46244,91,9145864,9735155,38750.46450346615,38749.93417963153,1908,30.087245367933065,1785251735.1059122,0.5,0.048915420472621915,0.04914531363174319,0,0,17915,41993,41993,46244,46244,46244,46244,46244,3264.7617719261907,46244,\N,\N,\N,\N,\N,\N,\N,\N,\N,\N,\N,\N,\N,\N,\N,\N,\N,\N,\N,\N,\N,\N,\N
8774,2026-07-28 15:16:00,2026-07-28 15:16:05,ffb05429579021fd35348352550a0b841ac2f6528a179dbccbd62b53a8a52908,dns,guangzhou,fd00:8:40::10,beida,dns.beida.aiops.local,udp,1,1,4838,4836,1,0,256120,256046,74,12111848,19281136,96826.0927962591,96838.58383182064,4837,20.050717948004603,1785251724.4073472,1.0394612513645554,0.03523443564056204,0.03602046510204673,0,0,255878,256002,256020,256022,256027,256044,256046,256046,9077.221830558497,256046,\N,\N,\N,\N,\N,\N,\N,\N,\N,\N,\N,\N,\N,\N,\N,\N,\N,\N,\N,\N,\N,\N,\N,\N,\N,\N,\N,\N,\N,\N,\N,\N,\N,\N,\N,\N,\N,\N,\N,\N,\N,\N,\N,\N,\N,\N,\N,\N,\N,\N,\N,\N,\N,\N,\N,\N,\N,\N,\N,\N,\N,\N,\N,\N,\N,\N,\N,\N,\N,\N,\N,\N,\N,\N,\N,\N,\N,\N,\N,\N,\N,\N,\N,\N,\N
8775,2026-07-28 15:16:00,2026-07-28 15:16:05,ad5bfbf6494ec00b594c42721953bfa0e72a8b90cf04e780949b2c88af06806c,web,guangzhou,fd00:8:40::10,shanghai,web01.shanghai.aiops.local,http,\N,\N,\N,\N,\N,\N,\N,\N,\N,\N,\N,\N,\N,\N,\N,\N,\N,\N,\N,\N,\N,\N,\N,\N,\N,\N,\N,\N,\N,\N,\N,0,0,2821,2815,6,5,227437,227313,124,23678899,62999119,98676.17407005187,98675.52923175879,2821,60.088508368935436,1785251737.2532637,1,0.0636522811682274,0.06415097212884575,0,0,0,205476,205478,227311,227311,227313,227313,227313,19652.852949472144,227313,\N,\N,\N,\N,\N,\N,\N,\N,\N,\N,\N,\N,\N,\N,\N,\N,\N,\N,\N,\N,\N,\N,\N,\N,\N,\N,\N,\N,\N,\N,\N,\N,\N,\N,\N,\N,\N,\N,\N,\N,\N,\N,\N,\N,\N,\N,\N,\N,\N,\N,\N,\N,\N,\N
8776,2026-07-28 15:17:00,2026-07-28 15:17:05,ffb05429579021fd35348352550a0b841ac2f6528a179dbccbd62b53a8a52908,dns,guangzhou,fd00:8:40::10,beida,dns.beida.aiops.local,udp,0,0,4840,4839,1,0,256207,256133,74,12115977,19287701,96876.2490860261,96875.18241618993,4840,10.051323852036148,1785251814.9500015,5,0.035338810719549654,0.035919227427802985,0,0,255965,256089,256107,256109,256114,256131,256133,256133,9080.290360607207,256133,\N,\N,\N,\N,\N,\N,\N,\N,\N,\N,\N,\N,\N,\N,\N,\N,\N,\N,\N,\N,\N,\N,\N,\N,\N,\N,\N,\N,\N,\N,\N,\N,\N,\N,\N,\N,\N,\N,\N,\N,\N,\N,\N,\N,\N,\N,\N,\N,\N,\N,\N,\N,\N,\N,\N,\N,\N,\N,\N,\N,\N,\N,\N,\N,\N,\N,\N,\N,\N,\N,\N,\N,\N,\N,\N,\N,\N,\N,\N,\N,\N,\N,\N,\N,\N
8777,2026-07-28 15:18:00,2026-07-28 15:18:05,ee326f44976e396efecf37ca2be7f0c6d8ebf134bdf231390e009766ac78c202,auth,guangzhou,fd00:8:40::10,wuhan,auth01.wuhan.aiops.local,http,\N,\N,\N,\N,\N,\N,\N,\N,\N,\N,\N,\N,\N,\N,\N,\N,\N,\N,\N,\N,\N,\N,\N,\N,\N,\N,\N,\N,\N,\N,\N,\N,\N,\N,\N,\N,\N,\N,\N,\N,\N,\N,\N,\N,\N,\N,\N,\N,\N,\N,\N,\N,\N,\N,\N,\N,\N,\N,\N,\N,\N,\N,0,0,1909,1902,7,5,46350,46259,91,9148789,9738080,38780.55192855606,38780.0214432776,1909,30.0874250899069,1785251855.8622136,0.5,0.049264603418608506,0.04973690449260175,0,0,17929,42008,42008,46259,46259,46259,46259,46259,3265.50074097747,46259,\N,\N,\N,\N,\N,\N,\N,\N,\N,\N,\N,\N,\N,\N,\N,\N,\N,\N,\N,\N,\N,\N,\N
8778,2026-07-28 15:18:00,2026-07-28 15:18:05,ffb05429579021fd35348352550a0b841ac2f6528a179dbccbd62b53a8a52908,dns,guangzhou,fd00:8:40::10,beida,dns.beida.aiops.local,udp,1,1,4842,4840,1,0,256267,256193,74,12118815,19292219,96906.3010164299,96906.23603555793,4841,30.051930403802544,1785251865.7666075,2,0.03531770781458666,0.03588201408274472,0,0,256025,256149,256167,256169,256174,256191,256193,256193,9082.409423076082,256193,\N,\N,\N,\N,\N,\N,\N,\N,\N,\N,\N,\N,\N,\N,\N,\N,\N,\N,\N,\N,\N,\N,\N,\N,\N,\N,\N,\N,\N,\N,\N,\N,\N,\N,\N,\N,\N,\N,\N,\N,\N,\N,\N,\N,\N,\N,\N,\N,\N,\N,\N,\N,\N,\N,\N,\N,\N,\N,\N,\N,\N,\N,\N,\N,\N,\N,\N,\N,\N,\N,\N,\N,\N,\N,\N,\N,\N,\N,\N,\N,\N,\N,\N,\N,\N
8779,2026-07-28 15:18:00,2026-07-28 15:18:05,ad5bfbf6494ec00b594c42721953bfa0e72a8b90cf04e780949b2c88af06806c,web,guangzhou,fd00:8:40::10,shanghai,web01.shanghai.aiops.local,http,\N,\N,\N,\N,\N,\N,\N,\N,\N,\N,\N,\N,\N,\N,\N,\N,\N,\N,\N,\N,\N,\N,\N,\N,\N,\N,\N,\N,\N,\N,\N,0,0,2822,2816,6,5,227452,227328,124,23680489,63003289,98691.2613744,98690.61638488667,2822,15.087304348126054,1785251868.8247008,1,0.06364544428264102,0.06405767295509576,0,0,0,205491,205493,227326,227326,227328,227328,227328,19653.807631136384,227328,\N,\N,\N,\N,\N,\N,\N,\N,\N,\N,\N,\N,\N,\N,\N,\N,\N,\N,\N,\N,\N,\N,\N,\N,\N,\N,\N,\N,\N,\N,\N,\N,\N,\N,\N,\N,\N,\N,\N,\N,\N,\N,\N,\N,\N,\N,\N,\N,\N,\N,\N,\N,\N,\N
8780,2026-07-28 15:19:00,2026-07-28 15:19:05,ffb05429579021fd35348352550a0b841ac2f6528a179dbccbd62b53a8a52908,dns,guangzhou,fd00:8:40::10,beida,dns.beida.aiops.local,udp,1,5,4844,4842,1,0,256342,256268,74,12122363,19297867,96936.40352684213,96937.37174376473,4843,10.051764802075922,1785251925.6551342,5.078329798103882,0.03549459194764495,0.035594806820154194,0,0,256100,256224,256242,256244,256249,256266,256268,256268,9085.048298472539,256268,\N,\N,\N,\N,\N,\N,\N,\N,\N,\N,\N,\N,\N,\N,\N,\N,\N,\N,\N,\N,\N,\N,\N,\N,\N,\N,\N,\N,\N,\N,\N,\N,\N,\N,\N,\N,\N,\N,\N,\N,\N,\N,\N,\N,\N,\N,\N,\N,\N,\N,\N,\N,\N,\N,\N,\N,\N,\N,\N,\N,\N,\N,\N,\N,\N,\N,\N,\N,\N,\N,\N,\N,\N,\N,\N,\N,\N,\N,\N,\N,\N,\N,\N,\N,\N
8781,2026-07-28 15:19:00,2026-07-28 15:19:05,ad5bfbf6494ec00b594c42721953bfa0e72a8b90cf04e780949b2c88af06806c,web,guangzhou,fd00:8:40::10,shanghai,web01.shanghai.aiops.local,http,\N,\N,\N,\N,\N,\N,\N,\N,\N,\N,\N,\N,\N,\N,\N,\N,\N,\N,\N,\N,\N,\N,\N,\N,\N,\N,\N,\N,\N,\N,\N,1,1,2824,2817,6,5,227522,227398,124,23687819,63022659,98706.34871980781,98716.04589258041,2823,15.087345407810062,1785251917.5658312,1.0804182514602694,0.0635448300279677,0.06380168139003217,0,0,0,205556,205558,227396,227396,227398,227398,227398,19659.457188850734,227398,\N,\N,\N,\N,\N,\N,\N,\N,\N,\N,\N,\N,\N,\N,\N,\N,\N,\N,\N,\N,\N,\N,\N,\N,\N,\N,\N,\N,\N,\N,\N,\N,\N,\N,\N,\N,\N,\N,\N,\N,\N,\N,\N,\N,\N,\N,\N,\N,\N,\N,\N,\N,\N,\N
8782,2026-07-28 15:20:00,2026-07-28 15:20:05,ffb05429579021fd35348352550a0b841ac2f6528a179dbccbd62b53a8a52908,dns,guangzhou,fd00:8:40::10,beida,dns.beida.aiops.local,udp,1,1,4845,4843,1,0,256513,256439,74,12130501,19310793,96966.45550104603,96992.39622902172,4844,30.051974203903228,1785251969.1150482,1.0016803791991782,0.0351941419335512,0.03553370293229818,0,0,256271,256395,256413,256415,256420,256437,256439,256439,9091.066060230602,256439,\N,\N,\N,\N,\N,\N,\N,\N,\N,\N,\N,\N,\N,\N,\N,\N,\N,\N,\N,\N,\N,\N,\N,\N,\N,\N,\N,\N,\N,\N,\N,\N,\N,\N,\N,\N,\N,\N,\N,\N,\N,\N,\N,\N,\N,\N,\N,\N,\N,\N,\N,\N,\N,\N,\N,\N,\N,\N,\N,\N,\N,\N,\N,\N,\N,\N,\N,\N,\N,\N,\N,\N,\N,\N,\N,\N,\N,\N,\N,\N,\N,\N,\N,\N,\N
8783,2026-07-28 15:20:00,2026-07-28 15:20:05,ad5bfbf6494ec00b594c42721953bfa0e72a8b90cf04e780949b2c88af06806c,web,guangzhou,fd00:8:40::10,shanghai,web01.shanghai.aiops.local,http,\N,\N,\N,\N,\N,\N,\N,\N,\N,\N,\N,\N,\N,\N,\N,\N,\N,\N,\N,\N,\N,\N,\N,\N,\N,\N,\N,\N,\N,\N,\N,1,4,2825,2818,6,5,227570,227446,124,23692875,63035971,98736.46029033698,98743.12161637377,2824,30.11157052917406,1785251961.554882,4.5013359230930075,0.08910329894362283,0.2962802212219685,0,0,0,205601,205603,227444,227444,227446,227446,227446,19663.221441971604,227446,\N,\N,\N,\N,\N,\N,\N,\N,\N,\N,\N,\N,\N,\N,\N,\N,\N,\N,\N,\N,\N,\N,\N,\N,\N,\N,\N,\N,\N,\N,\N,\N,\N,\N,\N,\N,\N,\N,\N,\N,\N,\N,\N,\N,\N,\N,\N,\N,\N,\N,\N,\N,\N,\N
8784,2026-07-28 15:21:00,2026-07-28 15:21:05,ee326f44976e396efecf37ca2be7f0c6d8ebf134bdf231390e009766ac78c202,auth,guangzhou,fd00:8:40::10,wuhan,auth01.wuhan.aiops.local,http,\N,\N,\N,\N,\N,\N,\N,\N,\N,\N,\N,\N,\N,\N,\N,\N,\N,\N,\N,\N,\N,\N,\N,\N,\N,\N,\N,\N,\N,\N,\N,\N,\N,\N,\N,\N,\N,\N,\N,\N,\N,\N,\N,\N,\N,\N,\N,\N,\N,\N,\N,\N,\N,\N,\N,\N,\N,\N,\N,\N,\N,\N,1,2,1911,1903,7,5,46392,46301,91,9156779,9746790,38800.63919094717,38803.17252996098,1910,20.087262391112745,1785252028.8066845,2.10321442314831,0.049607844557613134,0.04970848481170833,0,0,17939,42049,42049,46301,46301,46301,46301,46301,3267.847852767445,46301,\N,\N,\N,\N,\N,\N,\N,\N,\N,\N,\N,\N,\N,\N,\N,\N,\N,\N,\N,\N,\N,\N,\N
8785,2026-07-28 15:21:00,2026-07-28 15:21:05,ffb05429579021fd35348352550a0b841ac2f6528a179dbccbd62b53a8a52908,dns,guangzhou,fd00:8:40::10,beida,dns.beida.aiops.local,udp,1,2,4847,4845,1,0,256567,256493,74,12133069,19314873,97006.55754553992,97021.25883277785,4846,10.051087989937514,1785252022.9802718,2.038420898947886,0.035402705209950605,0.036292470432817935,0,0,256325,256449,256467,256469,256474,256491,256493,256493,9092.973154040985,256493,\N,\N,\N,\N,\N,\N,\N,\N,\N,\N,\N,\N,\N,\N,\N,\N,\N,\N,\N,\N,\N,\N,\N,\N,\N,\N,\N,\N,\N,\N,\N,\N,\N,\N,\N,\N,\N,\N,\N,\N,\N,\N,\N,\N,\N,\N,\N,\N,\N,\N,\N,\N,\N,\N,\N,\N,\N,\N,\N,\N,\N,\N,\N,\N,\N,\N,\N,\N,\N,\N,\N,\N,\N,\N,\N,\N,\N,\N,\N,\N,\N,\N,\N,\N,\N
8786,2026-07-28 15:21:00,2026-07-28 15:21:05,ad5bfbf6494ec00b594c42721953bfa0e72a8b90cf04e780949b2c88af06806c,web,guangzhou,fd00:8:40::10,shanghai,web01.shanghai.aiops.local,http,\N,\N,\N,\N,\N,\N,\N,\N,\N,\N,\N,\N,\N,\N,\N,\N,\N,\N,\N,\N,\N,\N,\N,\N,\N,\N,\N,\N,\N,\N,\N,0,0,2825,2819,6,5,227662,227538,124,23702719,63061639,98766.54771181196,98765.90226675663,2825,30.087421474978328,1785252024.0562649,4,0.0834754729953905,0.29502819655463103,0,0,0,205686,205688,227536,227536,227538,227538,227538,19670.74360636063,227538,\N,\N,\N,\N,\N,\N,\N,\N,\N,\N,\N,\N,\N,\N,\N,\N,\N,\N,\N,\N,\N,\N,\N,\N,\N,\N,\N,\N,\N,\N,\N,\N,\N,\N,\N,\N,\N,\N,\N,\N,\N,\N,\N,\N,\N,\N,\N,\N,\N,\N,\N,\N,\N,\N
8787,2026-07-28 15:22:00,2026-07-28 15:22:05,ee326f44976e396efecf37ca2be7f0c6d8ebf134bdf231390e009766ac78c202,auth,guangzhou,fd00:8:40::10,wuhan,auth01.wuhan.aiops.local,http,\N,\N,\N,\N,\N,\N,\N,\N,\N,\N,\N,\N,\N,\N,\N,\N,\N,\N,\N,\N,\N,\N,\N,\N,\N,\N,\N,\N,\N,\N,\N,\N,\N,\N,\N,\N,\N,\N,\N,\N,\N,\N,\N,\N,\N,\N,\N,\N,\N,\N,\N,\N,\N,\N,\N,\N,\N,\N,\N,\N,\N,\N,0,0,1911,1904,7,5,46420,46329,91,9162239,9752250,38830.7258732561,38830.19510560064,1911,30.086682308930904,1785252088.9802837,1,0.09359560506418348,0.2719509059563279,0,0,17960,42071,42071,46329,46329,46329,46329,46329,3270.5565052302554,46329,\N,\N,\N,\N,\N,\N,\N,\N,\N,\N,\N,\N,\N,\N,\N,\N,\N,\N,\N,\N,\N,\N,\N
8788,2026-07-28 15:22:00,2026-07-28 15:22:05,ffb05429579021fd35348352550a0b841ac2f6528a179dbccbd62b53a8a52908,dns,guangzhou,fd00:8:40::10,beida,dns.beida.aiops.local,udp,0,0,4848,4847,1,0,256727,256653,74,12140627,19326911,97056.66256980691,97055.59460268496,4848,30.051013133022934,1785252101.360335,5,0.035185919323315225,0.03577325912192464,0,0,256485,256609,256627,256629,256634,256651,256653,256653,9098.602401359007,256653,\N,\N,\N,\N,\N,\N,\N,\N,\N,\N,\N,\N,\N,\N,\N,\N,\N,\N,\N,\N,\N,\N,\N,\N,\N,\N,\N,\N,\N,\N,\N,\N,\N,\N,\N,\N,\N,\N,\N,\N,\N,\N,\N,\N,\N,\N,\N,\N,\N,\N,\N,\N,\N,\N,\N,\N,\N,\N,\N,\N,\N,\N,\N,\N,\N,\N,\N,\N,\N,\N,\N,\N,\N,\N,\N,\N,\N,\N,\N,\N,\N,\N,\N,\N,\N
8789,2026-07-28 15:22:00,2026-07-28 15:22:05,ad5bfbf6494ec00b594c42721953bfa0e72a8b90cf04e780949b2c88af06806c,web,guangzhou,fd00:8:40::10,shanghai,web01.shanghai.aiops.local,http,\N,\N,\N,\N,\N,\N,\N,\N,\N,\N,\N,\N,\N,\N,\N,\N,\N,\N,\N,\N,\N,\N,\N,\N,\N,\N,\N,\N,\N,\N,\N,1,2,2827,2820,6,5,227792,227666,124,23716383,63097319,98796.63434880879,98801.14001280861,2826,30.08663699682802,1785252106.3796484,2.4598474409694298,0.09276687976671383,0.2143811534391715,0,0,0,205804,205806,227664,227664,227666,227666,227666,19681.17428780999,227666,\N,\N,\N,\N,\N,\N,\N,\N,\N,\N,\N,\N,\N,\N,\N,\N,\N,\N,\N,\N,\N,\N,\N,\N,\N,\N,\N,\N,\N,\N,\N,\N,\N,\N,\N,\N,\N,\N,\N,\N,\N,\N,\N,\N,\N,\N,\N,\N,\N,\N,\N,\N,\N,\N
8790,2026-07-28 15:23:00,2026-07-28 15:23:05,ee326f44976e396efecf37ca2be7f0c6d8ebf134bdf231390e009766ac78c202,auth,guangzhou,fd00:8:40::10,wuhan,auth01.wuhan.aiops.local,http,\N,\N,\N,\N,\N,\N,\N,\N,\N,\N,\N,\N,\N,\N,\N,\N,\N,\N,\N,\N,\N,\N,\N,\N,\N,\N,\N,\N,\N,\N,\N,\N,\N,\N,\N,\N,\N,\N,\N,\N,\N,\N,\N,\N,\N,\N,\N,\N,\N,\N,\N,\N,\N,\N,\N,\N,\N,\N,\N,\N,\N,\N,0,0,1912,1905,7,5,46430,46339,91,9164269,9754550,38850.812637196854,38850.28171940474,1912,20.086763940751553,1785252157.9741387,0.5,0.0485449118539691,0.04893900244496763,0,0,17970,42081,42081,46339,46339,46339,46339,46339,3271.041954348795,46339,\N,\N,\N,\N,\N,\N,\N,\N,\N,\N,\N,\N,\N,\N,\N,\N,\N,\N,\N,\N,\N,\N,\N
8791,2026-07-28 15:23:00,2026-07-28 15:23:05,ffb05429579021fd35348352550a0b841ac2f6528a179dbccbd62b53a8a52908,dns,guangzhou,fd00:8:40::10,beida,dns.beida.aiops.local,udp,1,1,4849,4847,1,0,256746,256672,74,12141534,19328350,97056.66256980691,97075.39956257911,4848,30.051013133022934,1785252101.360335,1.0131641641104319,0.03470444353297353,0.035098204249516124,0,0,256504,256628,256646,256648,256653,256670,256672,256672,9099.261785786133,256672,\N,\N,\N,\N,\N,\N,\N,\N,\N,\N,\N,\N,\N,\N,\N,\N,\N,\N,\N,\N,\N,\N,\N,\N,\N,\N,\N,\N,\N,\N,\N,\N,\N,\N,\N,\N,\N,\N,\N,\N,\N,\N,\N,\N,\N,\N,\N,\N,\N,\N,\N,\N,\N,\N,\N,\N,\N,\N,\N,\N,\N,\N,\N,\N,\N,\N,\N,\N,\N,\N,\N,\N,\N,\N,\N,\N,\N,\N,\N,\N,\N,\N,\N,\N,\N
8792,2026-07-28 15:23:00,2026-07-28 15:23:05,ad5bfbf6494ec00b594c42721953bfa0e72a8b90cf04e780949b2c88af06806c,web,guangzhou,fd00:8:40::10,shanghai,web01.shanghai.aiops.local,http,\N,\N,\N,\N,\N,\N,\N,\N,\N,\N,\N,\N,\N,\N,\N,\N,\N,\N,\N,\N,\N,\N,\N,\N,\N,\N,\N,\N,\N,\N,\N,0,0,2827,2821,6,5,227902,227778,124,23727919,63128119,98856.72167211305,98856.07590127224,2827,60.08732330426574,1785252176.5465848,2,0.0923681135638617,0.2934511941159144,0,0,0,205902,205904,227776,227776,227778,227778,227778,19691.51632639952,227778,\N,\N,\N,\N,\N,\N,\N,\N,\N,\N,\N,\N,\N,\N,\N,\N,\N,\N,\N,\N,\N,\N,\N,\N,\N,\N,\N,\N,\N,\N,\N,\N,\N,\N,\N,\N,\N,\N,\N,\N,\N,\N,\N,\N,\N,\N,\N,\N,\N,\N,\N,\N,\N,\N
8793,2026-07-28 15:24:00,2026-07-28 15:24:05,ffb05429579021fd35348352550a0b841ac2f6528a179dbccbd62b53a8a52908,dns,guangzhou,fd00:8:40::10,beida,dns.beida.aiops.local,udp,0,0,4849,4848,1,0,256757,256683,74,12142055,19329179,97086.71444693301,97085.64631096926,4849,30.05187712609768,1785252191.4670784,1,0.03466075865241389,0.03501296702306718,0,0,256515,256639,256657,256659,256664,256681,256683,256683,9099.64222411858,256683,\N,\N,\N,\N,\N,\N,\N,\N,\N,\N,\N,\N,\N,\N,\N,\N,\N,\N,\N,\N,\N,\N,\N,\N,\N,\N,\N,\N,\N,\N,\N,\N,\N,\N,\N,\N,\N,\N,\N,\N,\N,\N,\N,\N,\N,\N,\N,\N,\N,\N,\N,\N,\N,\N,\N,\N,\N,\N,\N,\N,\N,\N,\N,\N,\N,\N,\N,\N,\N,\N,\N,\N,\N,\N,\N,\N,\N,\N,\N,\N,\N,\N,\N,\N,\N
8794,2026-07-28 15:24:00,2026-07-28 15:24:05,ad5bfbf6494ec00b594c42721953bfa0e72a8b90cf04e780949b2c88af06806c,web,guangzhou,fd00:8:40::10,shanghai,web01.shanghai.aiops.local,http,\N,\N,\N,\N,\N,\N,\N,\N,\N,\N,\N,\N,\N,\N,\N,\N,\N,\N,\N,\N,\N,\N,\N,\N,\N,\N,\N,\N,\N,\N,\N,0,0,2828,2822,6,5,227932,227808,124,23730859,63136459,98871.81010951521,98871.16418330837,2828,15.08843740215525,1785252201.6993554,2,0.08657157692747812,0.2931336271809414,0,0,0,205929,205931,227806,227806,227808,227808,227808,19694.113473707344,227808,\N,\N,\N,\N,\N,\N,\N,\N,\N,\N,\N,\N,\N,\N,\N,\N,\N,\N,\N,\N,\N,\N,\N,\N,\N,\N,\N,\N,\N,\N,\N,\N,\N,\N,\N,\N,\N,\N,\N,\N,\N,\N,\N,\N,\N,\N,\N,\N,\N,\N,\N,\N,\N,\N
8795,2026-07-28 15:25:00,2026-07-28 15:25:05,ffb05429579021fd35348352550a0b841ac2f6528a179dbccbd62b53a8a52908,dns,guangzhou,fd00:8:40::10,beida,dns.beida.aiops.local,udp,1,5,4851,4849,1,0,256937,256863,74,12150600,19342764,97116.80110954866,97122.04496206017,4850,30.086662615649402,1785252289.610749,5.702396261013728,0.035116864011312525,0.03552468470297754,0,0,256695,256819,256837,256839,256844,256861,256863,256863,9105.981189716607,256863,\N,\N,\N,\N,\N,\N,\N,\N,\N,\N,\N,\N,\N,\N,\N,\N,\N,\N,\N,\N,\N,\N,\N,\N,\N,\N,\N,\N,\N,\N,\N,\N,\N,\N,\N,\N,\N,\N,\N,\N,\N,\N,\N,\N,\N,\N,\N,\N,\N,\N,\N,\N,\N,\N,\N,\N,\N,\N,\N,\N,\N,\N,\N,\N,\N,\N,\N,\N,\N,\N,\N,\N,\N,\N,\N,\N,\N,\N,\N,\N,\N,\N,\N,\N,\N
8796,2026-07-28 15:25:00,2026-07-28 15:25:05,ad5bfbf6494ec00b594c42721953bfa0e72a8b90cf04e780949b2c88af06806c,web,guangzhou,fd00:8:40::10,shanghai,web01.shanghai.aiops.local,http,\N,\N,\N,\N,\N,\N,\N,\N,\N,\N,\N,\N,\N,\N,\N,\N,\N,\N,\N,\N,\N,\N,\N,\N,\N,\N,\N,\N,\N,\N,\N,1,1,2830,2823,6,5,227992,227868,124,23736739,63153139,98901.94172143098,98901.29567565536,2829,30.131611915770918,1785252291.8452175,2,0.10215670351559918,0.2951237494824454,0,0,0,205979,205981,227866,227866,227868,227868,227868,19700.24287591828,227868,\N,\N,\N,\N,\N,\N,\N,\N,\N,\N,\N,\N,\N,\N,\N,\N,\N,\N,\N,\N,\N,\N,\N,\N,\N,\N,\N,\N,\N,\N,\N,\N,\N,\N,\N,\N,\N,\N,\N,\N,\N,\N,\N,\N,\N,\N,\N,\N,\N,\N,\N,\N,\N,\N
8797,2026-07-28 15:26:00,2026-07-28 15:26:05,ee326f44976e396efecf37ca2be7f0c6d8ebf134bdf231390e009766ac78c202,auth,guangzhou,fd00:8:40::10,wuhan,auth01.wuhan.aiops.local,http,\N,\N,\N,\N,\N,\N,\N,\N,\N,\N,\N,\N,\N,\N,\N,\N,\N,\N,\N,\N,\N,\N,\N,\N,\N,\N,\N,\N,\N,\N,\N,\N,\N,\N,\N,\N,\N,\N,\N,\N,\N,\N,\N,\N,\N,\N,\N,\N,\N,\N,\N,\N,\N,\N,\N,\N,\N,\N,\N,\N,\N,\N,0,0,1913,1906,7,5,46440,46349,91,9166219,9756500,38860.89917745907,38860.368126441725,1913,10.08654026221484,1785252348.1543367,1,0.07202238719910384,0.17193960850127016,0,0,17975,42090,42090,46349,46349,46349,46349,46349,3271.762178220786,46349,\N,\N,\N,\N,\N,\N,\N,\N,\N,\N,\N,\N,\N,\N,\N,\N,\N,\N,\N,\N,\N,\N,\N
8798,2026-07-28 15:26:00,2026-07-28 15:26:05,ffb05429579021fd35348352550a0b841ac2f6528a179dbccbd62b53a8a52908,dns,guangzhou,fd00:8:40::10,beida,dns.beida.aiops.local,udp,0,0,4852,4851,1,0,257067,256993,74,12156708,19352512,97166.90496031102,97165.83638856467,4852,30.051805776078254,1785252349.8674805,2,0.0351996403420344,0.0355903415940702,0,0,256825,256949,256967,256969,256974,256991,256993,256993,9110.550139149185,256993,\N,\N,\N,\N,\N,\N,\N,\N,\N,\N,\N,\N,\N,\N,\N,\N,\N,\N,\N,\N,\N,\N,\N,\N,\N,\N,\N,\N,\N,\N,\N,\N,\N,\N,\N,\N,\N,\N,\N,\N,\N,\N,\N,\N,\N,\N,\N,\N,\N,\N,\N,\N,\N,\N,\N,\N,\N,\N,\N,\N,\N,\N,\N,\N,\N,\N,\N,\N,\N,\N,\N,\N,\N,\N,\N,\N,\N,\N,\N,\N,\N,\N,\N,\N,\N
8799,2026-07-28 15:26:00,2026-07-28 15:26:05,ad5bfbf6494ec00b594c42721953bfa0e72a8b90cf04e780949b2c88af06806c,web,guangzhou,fd00:8:40::10,shanghai,web01.shanghai.aiops.local,http,\N,\N,\N,\N,\N,\N,\N,\N,\N,\N,\N,\N,\N,\N,\N,\N,\N,\N,\N,\N,\N,\N,\N,\N,\N,\N,\N,\N,\N,\N,\N,0,0,2830,2824,6,5,228052,227928,124,23742619,63169819,98962.02852520393,98961.38233751245,2830,60.08680377295241,1785252362.0009615,1,0.06342709883271407,0.06400879356078804,0,0,0,206039,206041,227926,227926,227928,227928,227928,19704.048501848243,227928,\N,\N,\N,\N,\N,\N,\N,\N,\N,\N,\N,\N,\N,\N,\N,\N,\N,\N,\N,\N,\N,\N,\N,\N,\N,\N,\N,\N,\N,\N,\N,\N,\N,\N,\N,\N,\N,\N,\N,\N,\N,\N,\N,\N,\N,\N,\N,\N,\N,\N,\N,\N,\N,\N
8800,2026-07-28 15:27:00,2026-07-28 15:27:05,ee326f44976e396efecf37ca2be7f0c6d8ebf134bdf231390e009766ac78c202,auth,guangzhou,fd00:8:40::10,wuhan,auth01.wuhan.aiops.local,http,\N,\N,\N,\N,\N,\N,\N,\N,\N,\N,\N,\N,\N,\N,\N,\N,\N,\N,\N,\N,\N,\N,\N,\N,\N,\N,\N,\N,\N,\N,\N,\N,\N,\N,\N,\N,\N,\N,\N,\N,\N,\N,\N,\N,\N,\N,\N,\N,\N,\N,\N,\N,\N,\N,\N,\N,\N,\N,\N,\N,\N,\N,0,0,1914,1907,7,5,46470,46379,91,9172189,9762680,38890.98533419892,38890.454129228834,1914,30.086156739853323,1785252408.3096507,1,0.08603327479213477,0.26957160686142745,0,0,17997,42115,42115,46379,46379,46379,46379,46379,3274.34317646455,46379,\N,\N,\N,\N,\N,\N,\N,\N,\N,\N,\N,\N,\N,\N,\N,\N,\N,\N,\N,\N,\N,\N,\N
8801,2026-07-28 15:27:00,2026-07-28 15:27:05,ffb05429579021fd35348352550a0b841ac2f6528a179dbccbd62b53a8a52908,dns,guangzhou,fd00:8:40::10,beida,dns.beida.aiops.local,udp,1,1,4853,4851,1,0,257067,256993,74,12156708,19352512,97166.90496031102,97166.85476928577,4852,30.051805776078254,1785252349.8674805,2,0.0351996403420344,0.0355903415940702,0,0,256825,256949,256967,256969,256974,256991,256993,256993,9110.550139149185,256993,\N,\N,\N,\N,\N,\N,\N,\N,\N,\N,\N,\N,\N,\N,\N,\N,\N,\N,\N,\N,\N,\N,\N,\N,\N,\N,\N,\N,\N,\N,\N,\N,\N,\N,\N,\N,\N,\N,\N,\N,\N,\N,\N,\N,\N,\N,\N,\N,\N,\N,\N,\N,\N,\N,\N,\N,\N,\N,\N,\N,\N,\N,\N,\N,\N,\N,\N,\N,\N,\N,\N,\N,\N,\N,\N,\N,\N,\N,\N,\N,\N,\N,\N,\N,\N
8802,2026-07-28 15:27:00,2026-07-28 15:27:05,ad5bfbf6494ec00b594c42721953bfa0e72a8b90cf04e780949b2c88af06806c,web,guangzhou,fd00:8:40::10,shanghai,web01.shanghai.aiops.local,http,\N,\N,\N,\N,\N,\N,\N,\N,\N,\N,\N,\N,\N,\N,\N,\N,\N,\N,\N,\N,\N,\N,\N,\N,\N,\N,\N,\N,\N,\N,\N,1,2,2831,2824,6,5,228150,228026,124,23752909,63196965,98962.02852520393,99011.19293583231,2830,60.08680377295241,1785252362.0009615,2.0113473489657547,0.094498269107877,0.2966155234258622,0,0,0,206124,206126,228024,228024,228026,228026,228026,19713.309332220815,228026,\N,\N,\N,\N,\N,\N,\N,\N,\N,\N,\N,\N,\N,\N,\N,\N,\N,\N,\N,\N,\N,\N,\N,\N,\N,\N,\N,\N,\N,\N,\N,\N,\N,\N,\N,\N,\N,\N,\N,\N,\N,\N,\N,\N,\N,\N,\N,\N,\N,\N,\N,\N,\N,\N
8803,2026-07-28 15:28:00,2026-07-28 15:28:05,ffb05429579021fd35348352550a0b841ac2f6528a179dbccbd62b53a8a52908,dns,guangzhou,fd00:8:40::10,beida,dns.beida.aiops.local,udp,0,0,4854,4853,1,0,257137,257063,74,12160027,19357791,97207.00868423795,97205.93980683573,4854,30.051344586070627,1785252468.740588,2,0.03516428127574424,0.035568727576173846,0,0,256895,257019,257037,257039,257044,257061,257063,257063,9113.013675251976,257063,\N,\N,\N,\N,\N,\N,\N,\N,\N,\N,\N,\N,\N,\N,\N,\N,\N,\N,\N,\N,\N,\N,\N,\N,\N,\N,\N,\N,\N,\N,\N,\N,\N,\N,\N,\N,\N,\N,\N,\N,\N,\N,\N,\N,\N,\N,\N,\N,\N,\N,\N,\N,\N,\N,\N,\N,\N,\N,\N,\N,\N,\N,\N,\N,\N,\N,\N,\N,\N,\N,\N,\N,\N,\N,\N,\N,\N,\N,\N,\N,\N,\N,\N,\N,\N
8804,2026-07-28 15:28:00,2026-07-28 15:28:05,ad5bfbf6494ec00b594c42721953bfa0e72a8b90cf04e780949b2c88af06806c,web,guangzhou,fd00:8:40::10,shanghai,web01.shanghai.aiops.local,http,\N,\N,\N,\N,\N,\N,\N,\N,\N,\N,\N,\N,\N,\N,\N,\N,\N,\N,\N,\N,\N,\N,\N,\N,\N,\N,\N,\N,\N,\N,\N,1,2,2832,2825,6,5,228202,228078,124,23758369,63211369,99022.11726944568,99036.98258320661,2831,60.08874424174428,1785252432.179316,2.079635969737379,0.10249706481893857,0.29849051046185193,0,0,0,206167,206169,228076,228076,228078,228078,228078,19718.71726854192,228078,\N,\N,\N,\N,\N,\N,\N,\N,\N,\N,\N,\N,\N,\N,\N,\N,\N,\N,\N,\N,\N,\N,\N,\N,\N,\N,\N,\N,\N,\N,\N,\N,\N,\N,\N,\N,\N,\N,\N,\N,\N,\N,\N,\N,\N,\N,\N,\N,\N,\N,\N,\N,\N,\N
8805,2026-07-28 15:29:00,2026-07-28 15:29:05,ffb05429579021fd35348352550a0b841ac2f6528a179dbccbd62b53a8a52908,dns,guangzhou,fd00:8:40::10,beida,dns.beida.aiops.local,udp,1,5,4856,4854,1,0,257282,257208,74,12166904,19368728,97237.06095471,97259.14931669272,4855,30.052270472049713,1785252513.2691936,5.202054541560356,0.034922654781004654,0.0354414630215615,0,0,257040,257164,257182,257184,257189,257206,257208,257208,9118.088152141776,257208,\N,\N,\N,\N,\N,\N,\N,\N,\N,\N,\N,\N,\N,\N,\N,\N,\N,\N,\N,\N,\N,\N,\N,\N,\N,\N,\N,\N,\N,\N,\N,\N,\N,\N,\N,\N,\N,\N,\N,\N,\N,\N,\N,\N,\N,\N,\N,\N,\N,\N,\N,\N,\N,\N,\N,\N,\N,\N,\N,\N,\N,\N,\N,\N,\N,\N,\N,\N,\N,\N,\N,\N,\N,\N,\N,\N,\N,\N,\N,\N,\N,\N,\N,\N,\N
8806,2026-07-28 15:29:00,2026-07-28 15:29:05,ad5bfbf6494ec00b594c42721953bfa0e72a8b90cf04e780949b2c88af06806c,web,guangzhou,fd00:8:40::10,shanghai,web01.shanghai.aiops.local,http,\N,\N,\N,\N,\N,\N,\N,\N,\N,\N,\N,\N,\N,\N,\N,\N,\N,\N,\N,\N,\N,\N,\N,\N,\N,\N,\N,\N,\N,\N,\N,0,0,2833,2827,6,5,228352,228228,124,23774359,63253159,99082.2909562746,99081.64435555227,2833,30.08669003006071,1785252536.2746177,4,0.08710211726526419,0.2947635777760297,0,0,0,206301,206303,228226,228226,228228,228228,228228,19732.02022410184,228228,\N,\N,\N,\N,\N,\N,\N,\N,\N,\N,\N,\N,\N,\N,\N,\N,\N,\N,\N,\N,\N,\N,\N,\N,\N,\N,\N,\N,\N,\N,\N,\N,\N,\N,\N,\N,\N,\N,\N,\N,\N,\N,\N,\N,\N,\N,\N,\N,\N,\N,\N,\N,\N,\N
